Unnamed: 0,Joueur,Nationalité,Position,Équipe,Compétition,Âge,Année de naissance,Matchs joués,Titularisations,Minutes jouées,Matchs en 90 min,Buts,Passes décisives,Buts + Passes D,Buts (sans penalty),Pénaltys marqués,Pénaltys tentés,Cartons jaunes,Cartons rouges,Buts attendus (xG),Buts attendus sans penalty,Passes décisives attendues (xAG),xG + xAG sans penalty,Courses progressives,Passes progressives,Réceptions progressives,Buts par 90 minutes,Passes décisives par 90 minutes,Buts + Passes décisives par 90 minutes,Buts hors penalty par 90 minutes,Buts + Passes décisives hors penalty par 90 minutes,Buts attendus par 90 minutes,Passes décisives attendues par 90 minutes,Somme des buts et passes attendues par 90 minutes,Buts attendus hors penalty par 90 minutes,Somme des buts et passes attendues hors penalty par 90 minutes,Équivalents 90 minutes joués,Actions menant à un tir,Actions menant à un tir par 90 minutes,Passes en jeu menant à un tir,"Passes arrêtées (coups francs, corners) menant à un tir",Dribbles réussis menant à un tir,Tirs ayant provoqué un autre tir,Fautes subies menant à un tir,Actions défensives menant à un tir,Actions menant à un but,Actions menant à un but par 90 minutes,Passes en jeu menant à un but,"Passes arrêtées (coups francs, corners) menant à un but",Dribbles réussis menant à un but,Tirs ayant provoqué un but,Fautes subies menant à un but,Actions défensives menant à un but,Passes réussies,Passes tentées,Pourcentage de passes réussies,Distance totale des passes,Distance progressive des passes,Passes courtes réussies,Passes courtes tentées,Pourcentage de passes courtes réussies,Passes moyennes réussies,Passes moyennes tentées,Pourcentage de passes moyennes réussies,Passes longues réussies,Passes longues tentées,Pourcentage de passes longues réussies,Passes décisives.1,Passes décisives attendues,Passes attendues (xA),Différence entre passes décisives réelles et attendues,Passes clés,Passes dans le dernier tiers,Passes dans la surface,Centres dans la surface,Passes progressives.1,Deuxième carton jaune,Fautes commises,Fautes subies,Hors-jeux,Centres tentés,Interceptions,Tacles gagnants,Penaltys provoqués,Penaltys concédés,Buts contre son camp,Ballons récupérés,Duels aériens gagnés,Duels aériens perdus,Pourcentage de duels aériens gagnés,Buts.1,Tirs,Tirs cadrés,Pourcentage de tirs cadrés,Tirs par 90 minutes,Tirs cadrés par 90 minutes,Buts par tir,Buts par tir cadré,Distance moyenne des tirs,Coups francs tentés,Penaltys marqués,Penaltys tentés,Buts attendus hors penalty par tir,Différence entre les buts marqués et les buts attendus,Différence entre les buts marqués hors penalty et les buts attendus hors penalty,Tacles réussis,Tacles gagnants.1,Tacles réussis dans le tiers défensif,Tacles réussis dans le tiers médian,Tacles réussis dans le tiers offensif,Duels défensifs gagnés,Duels défensifs disputés,Pourcentage de duels gagnés,Duels défensifs perdus,Total de blocs (tirs et passes),Tirs bloqués,Passes bloquées,Interceptions.1,Total de tacles et d’interceptions,Dégagements,Erreurs menant à un tir ou un but,Minutes jouées par match,Pourcentage de minutes jouées,Matches débutés en tant que titulaire,Minutes jouées par titularisation,Matches joués en intégralité,Nombre d’entrées en jeu,Minutes jouées par entrée en jeu,Matches passés sur le banc sans entrer en jeu,Points par match (PPM),Buts marqués par l’équipe lorsque le joueur est sur le terrain,Buts encaissés par l’équipe lorsque le joueur est sur le terrain,Différence de buts lorsque le joueur est sur le terrain,Différence de buts par 90 minutes,Impact du joueur sur la différence de buts par rapport au temps passé sur le terrain,xG de l’équipe lorsque le joueur est sur le terrain,xG concédés par l’équipe lorsque le joueur est sur le terrain,Différence xG lorsque le joueur est sur le terrain,Différence xG par 90 minutes,Impact du joueur sur la différence xG lorsqu’il est sur le terrain ou non,Touches de balle,Touches de balle dans la surface défensive,Touches de balle dans le tiers défensif,Touches de balle dans le tiers médian,Touches de balle dans le tiers offensif,Touches de balle dans la surface offensive,Touches de balle en jeu (hors coups de pied arrêtés),Dribbles tentés,Dribbles réussis,Pourcentage de dribbles réussis,Dribbles stoppés par l’adversaire,Pourcentage de dribbles stoppés,Portées de balle,Distance totale parcourue avec le ballon (en mètres),Distance progressive parcourue avec le ballon,Portées de balle progressives,Portées de balle jusqu’au dernier tiers du terrain,Portées de balle entrant dans la surface adverse,Ballons perdus en conduite,Ballons perdus sous la pression d’un adversaire,Passes reçues,Passes progressives reçues
30,Simon Adingra,CIV,Attaquant,Brighton,Premier League,23,2002,20,6,625,6.9,2,1,3,2,0,0,0,0,1.5,1.5,1.1,2.6,23,10,81,0.29,0.14,0.43,0.29,0.43,0.22,0.16,0.37,0.22,0.37,6.9,25,3.6,18,0,4,3,0,0,4,0.58,3,0,1,0,0,0,171,226,75.7,2364,501,109,124,87.9,47,63,74.6,9,19,47.4,1,1.1,1.7,-0.1,8,3,8,2,10,0,9,0,1,21,6,7,0,0,0,31,3,1,75.0,2,16,5,31.3,2.3,0.72,0.13,0.4,16.8,0,0,0,0.09,0.5,0.5,14,7,7,5,2,6,18,33.3,12,7,0,7,6,20,4,1,31,23.9,6,64,0,14,17,6,1.6,12,13,-1,-0.14,-0.46,10.5,11.4,-0.9,-0.12,-0.28,332,6,52,104,181,40,332,32,14,43.8,18,56.3,217,1434,672,23,15,11,27,7,228,81
91,Miguel Almirón,PAR,Attaquant,Newcastle Utd,Premier League,31,1994,9,1,157,1.7,0,0,0,0,0,0,0,0,0.5,0.5,0.3,0.8,3,6,18,0.0,0.0,0.0,0.0,0.0,0.3,0.15,0.45,0.3,0.45,1.7,8,4.59,6,0,1,1,0,0,0,0.0,0,0,0,0,0,0,54,66,81.8,707,219,39,42,92.9,13,16,81.3,1,3,33.3,0,0.3,0.2,-0.3,3,3,1,0,6,0,1,3,2,0,0,2,0,0,0,4,0,2,0.0,0,6,2,33.3,3.44,1.15,0.0,0.0,14.2,0,0,0,0.09,-0.5,-0.5,3,2,2,0,1,2,3,66.7,1,2,0,2,0,3,0,0,17,6.2,1,67,0,8,11,14,1.56,1,3,-2,-1.15,-1.57,2.8,3.6,-0.8,-0.47,-0.91,81,1,10,35,36,9,81,2,1,50.0,1,50.0,54,284,93,3,3,2,0,2,59,18
102,Will Alves,ENG,Attaquant,Leicester City,Premier League,20,2005,1,0,1,0.0,0,0,0,0,0,0,0,0,0.0,0.0,0.0,0.0,0,0,1,0.0,0.0,0.0,0.0,0.0,0.0,0.0,0.0,0.0,0.0,0.0,0,0.0,0,0,0,0,0,0,0,0.0,0,0,0,0,0,0,1,1,100.0,12,0,1,1,100.0,0,0,0.0,0,0,0.0,0,0.0,0.0,0.0,0,0,0,0,0,0,0,0,0,0,0,0,0,0,0,0,0,0,0.0,0,0,0,0.0,0.0,0.0,0.0,0.0,0.0,0,0,0,0.0,0.0,0.0,0,0,0,0,0,0,0,0.0,0,0,0,0,0,0,0,0,1,0.0,0,0,0,1,1,2,0.0,0,0,0,0.0,1.38,0.0,0.0,0.0,2.92,3.88,1,0,0,0,1,0,1,0,0,0.0,0,0.0,1,5,5,0,0,0,0,0,1,1
111,Samuel Amo-Ameyaw,ENG,Attaquant,Southampton,Premier League,18,2006,2,0,28,0.3,0,0,0,0,0,0,1,0,0.0,0.0,0.1,0.1,1,0,3,0.0,0.0,0.0,0.0,0.0,0.07,0.22,0.29,0.07,0.29,0.3,2,6.43,1,0,0,0,1,0,0,0.0,0,0,0,0,0,0,8,9,88.9,107,13,6,6,100.0,2,3,66.7,0,0,0.0,0,0.1,0.1,-0.1,1,0,1,1,0,0,1,2,0,2,0,0,0,0,0,1,0,1,0.0,0,1,0,0.0,3.21,0.0,0.0,0.0,20.7,0,0,0,0.02,0.0,0.0,1,0,0,1,0,1,1,100.0,0,0,0,0,0,1,0,0,14,1.1,0,0,0,2,14,7,0.0,0,0,0,0.0,1.71,0.3,1.1,-0.8,-2.5,-1.11,16,0,5,5,7,1,16,4,0,0.0,3,75.0,11,98,68,1,0,1,0,2,11,3
129,Michail Antonio,JAM,Attaquant,West Ham,Premier League,34,1990,14,11,836,9.3,1,1,2,1,0,0,1,0,2.2,2.2,1.6,3.8,29,18,59,0.11,0.11,0.22,0.11,0.22,0.24,0.17,0.41,0.24,0.41,9.3,22,2.37,14,0,1,5,1,1,4,0.43,0,0,0,4,0,0,114,188,60.6,2183,424,52,72,72.2,37,62,59.7,22,31,71.0,1,1.6,0.9,-0.6,9,11,6,2,18,0,12,7,4,25,0,2,0,0,0,22,17,22,43.6,1,19,4,21.1,2.05,0.43,0.05,0.25,12.6,0,0,0,0.12,-1.2,-1.2,2,2,0,1,1,2,3,66.7,1,6,0,6,0,2,2,0,60,32.0,11,66,0,3,37,0,1.07,13,18,-5,-0.54,0.02,11.4,17.8,-6.4,-0.69,-0.48,296,3,26,124,151,36,296,27,9,33.3,13,48.1,173,1177,695,29,13,9,35,19,221,59
140,Cameron Archer,ENG,Attaquant,Southampton,Premier League,23,2001,26,11,1181,13.1,2,0,2,2,0,1,0,0,4.9,4.1,0.3,4.4,16,12,55,0.15,0.0,0.15,0.15,0.15,0.37,0.03,0.4,0.31,0.34,13.1,13,0.99,6,0,3,3,1,0,0,0.0,0,0,0,0,0,0,161,199,80.9,2140,292,104,120,86.7,44,49,89.8,5,8,62.5,0,0.3,0.6,-0.3,2,5,6,0,12,0,12,10,7,3,2,6,0,0,0,29,8,24,25.0,2,25,8,32.0,1.91,0.61,0.08,0.25,13.0,0,0,1,0.16,-2.9,-2.1,10,6,5,3,2,1,6,16.7,5,5,1,4,2,12,6,0,45,45.2,11,72,0,15,26,2,0.23,9,28,-19,-1.45,0.44,13.2,31.9,-18.7,-1.43,-0.05,314,11,48,143,126,45,313,28,12,42.9,15,53.6,180,917,426,16,6,13,28,22,216,55
147,Adam Armstrong,ENG,Attaquant,Southampton,Premier League,28,1997,20,15,1248,13.9,2,2,4,2,0,1,4,0,3.3,2.3,1.2,3.5,25,21,79,0.14,0.14,0.29,0.14,0.29,0.24,0.09,0.32,0.17,0.25,13.9,19,1.37,12,1,2,4,0,0,4,0.29,1,0,0,3,0,0,231,288,80.2,3320,446,138,158,87.3,81,95,85.3,6,13,46.2,2,1.2,0.6,0.8,9,10,8,2,21,0,12,5,9,14,3,3,0,0,0,23,5,9,35.7,2,25,7,28.0,1.8,0.5,0.08,0.29,16.6,0,0,1,0.09,-1.3,-0.3,12,3,2,7,3,3,14,21.4,11,6,1,5,3,15,8,0,62,47.8,15,75,4,5,25,4,0.3,7,35,-28,-2.02,-0.63,12.8,32.4,-19.6,-1.41,-0.03,377,11,44,143,192,49,376,14,6,42.9,8,57.1,235,1324,599,25,13,6,11,18,286,79
175,Taiwo Awoniyi,NGA,Attaquant,Nott'ham Forest,Premier League,27,1997,22,2,278,3.1,1,0,1,1,0,0,0,0,2.0,2.0,0.1,2.1,5,6,15,0.32,0.0,0.32,0.32,0.32,0.65,0.03,0.68,0.65,0.68,3.1,8,2.58,5,0,1,1,1,0,1,0.32,0,0,0,1,0,0,47,71,66.2,514,115,34,43,79.1,10,19,52.6,0,4,0.0,0,0.1,0.1,-0.1,2,3,2,0,6,0,7,7,1,1,0,2,0,0,0,15,9,25,26.5,1,9,4,44.4,2.91,1.29,0.11,0.25,12.6,0,0,0,0.22,-1.0,-1.0,4,2,0,3,1,2,3,66.7,1,1,0,1,0,4,4,0,13,10.7,2,54,0,20,9,6,1.95,4,8,-4,-1.29,-1.99,4.8,4.4,0.3,0.1,0.02,127,3,11,59,58,20,127,6,2,33.3,4,66.7,70,311,148,5,5,2,16,13,84,15
179,Jordan Ayew,GHA,Attaquant,Crystal Palace,Premier League,33,1991,1,0,21,0.2,0,0,0,0,0,0,1,0,0.5,0.5,0.0,0.5,0,0,1,0.0,0.0,0.0,0.0,0.0,1.96,0.21,2.17,1.96,2.17,0.2,1,4.29,1,0,0,0,0,0,0,0.0,0,0,0,0,0,0,8,10,80.0,167,4,3,3,100.0,4,6,66.7,1,1,100.0,0,0.0,0.0,0.0,1,0,0,0,0,0,1,0,0,1,0,0,0,0,0,1,1,1,50.0,0,1,0,0.0,4.29,0.0,0.0,0.0,5.5,0,0,0,0.46,-0.5,-0.5,1,0,0,0,1,0,0,0.0,0,0,0,0,0,1,0,0,21,0.8,0,0,0,1,21,0,0.0,0,1,-1,-4.29,-4.43,0.7,1.0,-0.2,-0.99,-1.31,12,0,0,7,5,1,12,0,0,0.0,0,0.0,6,25,12,0,0,0,0,1,9,1
180,Jordan Ayew,GHA,Attaquant,Leicester City,Premier League,33,1991,24,15,1299,14.4,4,0,4,3,1,1,5,0,2.8,2.0,0.8,2.8,38,31,67,0.28,0.0,0.28,0.21,0.21,0.2,0.05,0.25,0.14,0.2,14.4,29,2.01,19,6,1,2,0,1,1,0.07,1,0,0,0,0,0,312,432,72.2,4564,891,171,199,85.9,111,151,73.5,15,44,34.1,0,0.8,1.2,-0.8,12,20,11,6,31,0,27,43,4,47,12,13,0,0,0,80,32,53,37.6,4,25,7,28.0,1.73,0.48,0.12,0.43,18.4,3,1,1,0.08,1.2,1.0,24,13,7,12,5,6,18,33.3,12,14,0,14,12,36,16,0,54,49.8,15,79,3,9,13,3,0.67,13,35,-22,-1.52,-0.29,12.6,23.3,-10.6,-0.74,0.44,643,18,88,327,249,46,642,51,18,35.3,27,52.9,384,2607,1194,38,30,7,51,31,429,67
198,Leon Bailey,JAM,Attaquant,Aston Villa,Premier League,27,1997,23,14,1138,12.6,1,2,3,1,0,0,3,0,1.7,1.7,1.5,3.3,57,35,121,0.08,0.16,0.24,0.08,0.24,0.14,0.12,0.26,0.14,0.26,12.6,38,3.01,23,1,8,3,3,0,4,0.32,4,0,0,0,0,0,273,386,70.7,4275,1048,149,183,81.4,99,122,81.1,18,38,47.4,2,1.5,2.9,0.5,16,16,20,2,35,0,12,18,3,34,3,4,1,0,0,59,6,9,40.0,1,28,6,21.4,2.21,0.47,0.04,0.17,17.3,2,0,0,0.06,-0.7,-0.7,6,4,1,3,2,2,10,20.0,8,6,0,6,3,9,12,0,49,43.6,14,65,2,9,26,2,1.48,22,19,3,0.24,0.67,20.2,13.7,6.6,0.52,0.85,539,18,76,155,318,69,539,57,22,38.6,24,42.1,344,2540,1334,57,22,33,35,25,386,121
241,Harvey Barnes,ENG,Attaquant,Newcastle Utd,Premier League,27,1997,23,7,903,10.0,5,2,7,5,0,0,0,0,3.4,3.4,2.9,6.4,48,45,94,0.5,0.2,0.7,0.5,0.7,0.34,0.29,0.63,0.34,0.63,10.0,34,3.37,22,1,3,4,4,0,6,0.6,3,0,1,1,1,0,251,321,78.2,3534,1109,161,189,85.2,81,110,73.6,7,12,58.3,2,2.9,3.3,-0.9,13,13,22,5,45,0,8,12,2,25,5,6,0,0,0,31,5,10,33.3,5,33,12,36.4,3.29,1.2,0.15,0.42,14.3,0,0,0,0.1,1.6,1.6,10,6,3,4,3,3,5,60.0,2,5,1,4,5,15,6,1,39,35.8,7,72,1,16,25,1,1.78,14,14,0,0.0,-0.5,14.7,14.7,0.0,0.0,-0.61,428,9,58,138,232,65,428,33,13,39.4,15,45.5,314,2255,1228,48,24,26,17,11,346,94
315,Beto,GNB,Attaquant,Everton,Premier League,27,1998,21,8,932,10.4,6,0,6,6,0,0,1,0,5.5,5.5,0.7,6.1,10,7,50,0.58,0.0,0.58,0.58,0.58,0.53,0.06,0.59,0.53,0.59,10.4,13,1.25,8,0,2,1,2,0,0,0.0,0,0,0,0,0,0,97,162,59.9,1317,140,60,88,68.2,25,45,55.6,6,6,100.0,0,0.7,0.2,-0.7,6,4,2,0,7,0,21,15,10,2,2,5,0,0,0,23,58,77,43.0,6,32,17,53.1,3.09,1.64,0.19,0.35,13.2,0,0,0,0.17,0.5,0.5,11,5,2,5,4,4,6,66.7,2,4,1,3,2,13,13,0,44,35.7,8,85,5,13,19,8,0.86,13,17,-4,-0.39,-0.39,13.4,10.5,2.9,0.28,0.65,325,17,30,141,157,55,325,28,14,50.0,13,46.4,181,900,319,10,6,6,44,25,243,50
362,Jarrod Bowen,ENG,Attaquant,West Ham,Premier League,28,1996,25,25,2186,24.3,7,5,12,6,1,1,1,0,6.3,5.5,5.0,10.5,83,76,149,0.29,0.21,0.49,0.25,0.45,0.26,0.2,0.46,0.23,0.43,24.3,92,3.79,56,12,5,11,6,2,11,0.45,7,2,1,1,0,0,428,606,70.6,6965,2142,235,283,83.0,145,190,76.3,37,76,48.7,5,5.0,5.0,0.0,43,33,37,4,76,0,16,36,6,89,13,20,0,0,0,108,7,35,16.7,7,64,26,40.6,2.63,1.07,0.09,0.23,18.1,0,1,1,0.09,0.7,0.5,32,20,11,9,12,14,34,41.2,20,18,3,15,13,45,19,0,87,83.8,25,87,20,0,0,0,1.2,28,38,-10,-0.41,0.86,31.4,39.6,-8.2,-0.34,0.17,931,20,109,336,506,128,930,99,38,38.4,53,53.5,548,4056,1997,83,35,44,53,53,600,149
379,Ben Brereton,CHI,Attaquant,Southampton,Premier League,25,1999,10,4,449,5.0,0,0,0,0,0,0,1,0,0.9,0.9,0.1,1.0,12,9,42,0.0,0.0,0.0,0.0,0.0,0.18,0.02,0.2,0.18,0.2,5.0,9,1.8,7,0,0,0,2,0,0,0.0,0,0,0,0,0,0,128,166,77.1,1836,383,83,95,87.4,36,53,67.9,7,11,63.6,0,0.1,0.1,-0.1,3,9,2,1,9,0,4,8,1,5,0,2,0,0,0,16,9,7,56.3,0,11,1,9.1,2.2,0.2,0.0,0.0,17.3,0,0,0,0.08,-0.9,-0.9,3,2,0,2,1,1,9,11.1,8,2,1,1,0,3,4,0,45,17.2,4,78,2,6,23,4,0.2,2,10,-8,-1.6,0.1,5.0,11.0,-6.0,-1.2,0.24,206,4,19,76,112,20,206,4,1,25.0,2,50.0,136,791,394,12,13,4,9,4,171,42
383,Nathan Broadhead,WAL,Attaquant,Ipswich Town,Premier League,26,1998,13,4,455,5.1,0,0,0,0,0,0,1,0,1.1,1.1,0.5,1.6,14,10,20,0.0,0.0,0.0,0.0,0.0,0.21,0.11,0.32,0.21,0.32,5.1,13,2.58,11,0,2,0,0,0,1,0.2,1,0,0,0,0,0,121,155,78.1,1735,359,75,83,90.4,41,52,78.8,2,10,20.0,0,0.5,1.0,-0.5,5,10,4,0,10,0,2,11,2,7,4,2,0,0,0,24,0,8,0.0,0,9,5,55.6,1.78,0.99,0.0,0.0,16.3,0,0,0,0.12,-1.1,-1.1,4,2,1,3,0,2,6,33.3,4,4,0,4,4,8,5,0,35,17.4,4,77,1,9,16,7,0.31,8,8,0,0.0,1.42,6.4,6.7,-0.3,-0.05,1.2,216,6,30,105,90,18,216,26,13,50.0,11,42.3,121,909,427,14,11,4,11,10,155,20
384,Armando Broja,ALB,Attaquant,Everton,Premier League,23,2001,6,2,171,1.9,0,0,0,0,0,0,1,0,0.1,0.1,0.1,0.2,9,2,17,0.0,0.0,0.0,0.0,0.0,0.06,0.06,0.12,0.06,0.12,1.9,4,2.12,4,0,0,0,0,0,0,0.0,0,0,0,0,0,0,30,38,78.9,368,90,20,23,87.0,8,9,88.9,1,2,50.0,0,0.1,0.1,-0.1,2,2,0,0,2,0,4,3,2,1,0,1,0,0,0,5,9,8,52.9,0,4,0,0.0,2.11,0.0,0.0,0.0,17.3,0,0,0,0.03,-0.1,-0.1,2,1,1,1,0,0,0,0.0,0,3,0,3,0,2,3,0,29,6.6,2,53,0,4,17,0,1.0,1,2,-1,-0.53,-0.42,1.6,2.3,-0.7,-0.36,-0.23,71,3,9,20,46,12,71,12,6,50.0,5,41.7,37,430,222,9,5,3,8,8,51,17
385,David Brooks,WAL,Attaquant,Bournemouth,Premier League,27,1997,22,8,736,8.2,2,0,2,2,0,0,3,0,2.2,2.2,1.6,3.8,25,18,65,0.24,0.0,0.24,0.24,0.24,0.26,0.2,0.46,0.26,0.46,8.2,28,3.42,23,2,2,1,0,0,1,0.12,0,0,0,1,0,0,198,275,72.0,2942,886,115,135,85.2,69,93,74.2,10,27,37.0,0,1.6,1.5,-1.6,13,10,13,5,18,0,8,13,0,39,4,3,0,0,0,40,6,9,40.0,2,21,10,47.6,2.57,1.22,0.1,0.2,16.5,0,0,0,0.1,-0.2,-0.2,10,3,2,5,3,1,11,9.1,10,14,2,12,4,14,7,1,33,28.2,8,68,0,14,14,5,1.5,19,9,10,1.22,1.13,16.2,13.3,3.0,0.36,-0.18,378,10,47,136,203,31,378,28,8,28.6,17,60.7,236,1615,749,25,20,8,24,10,253,65
400,Facundo Buonanotte,ARG,Attaquant,Leicester City,Premier League,20,2004,25,13,1323,14.7,4,2,6,4,0,0,7,0,3.5,3.5,2.8,6.4,37,47,62,0.27,0.14,0.41,0.27,0.41,0.24,0.19,0.43,0.24,0.43,14.7,45,3.06,24,10,8,1,2,0,4,0.27,1,2,1,0,0,0,386,507,76.1,6137,1523,208,244,85.2,131,162,80.9,32,65,49.2,2,2.8,2.0,-0.8,22,35,11,1,47,0,31,29,3,37,10,26,0,0,0,71,11,29,27.5,4,29,10,34.5,1.97,0.68,0.14,0.4,17.6,0,0,0,0.12,0.5,0.5,47,26,15,19,13,20,62,32.3,42,32,6,26,10,57,11,0,53,50.7,13,82,6,12,21,2,0.6,16,29,-13,-0.88,1.0,15.3,25.8,-10.5,-0.71,0.49,762,23,112,388,275,31,762,70,24,34.3,42,60.0,423,2673,1229,37,26,8,48,34,469,62
407,Wes Burns,WAL,Attaquant,Ipswich Town,Premier League,30,1994,18,12,926,10.3,0,1,1,0,0,0,1,0,0.5,0.5,1.6,2.2,38,8,65,0.0,0.1,0.1,0.0,0.1,0.05,0.16,0.21,0.05,0.21,10.3,16,1.55,12,0,1,1,2,0,1,0.1,1,0,0,0,0,0,153,253,60.5,2416,597,82,102,80.4,51,78,65.4,14,36,38.9,1,1.6,1.2,-0.6,10,8,8,7,8,0,4,11,0,46,10,11,0,0,0,50,8,21,27.6,0,7,1,14.3,0.68,0.1,0.0,0.0,18.3,0,0,0,0.07,-0.5,-0.5,13,11,1,9,3,4,10,40.0,6,7,2,5,10,23,13,2,51,35.5,12,67,0,6,20,3,0.67,7,23,-16,-1.56,-0.59,9.6,23.2,-13.6,-1.32,-0.43,350,21,69,129,160,18,350,24,9,37.5,14,58.3,216,1458,696,38,13,10,17,13,220,65
430,Dominic Calvert-Lewin,ENG,Attaquant,Everton,Premier League,28,1997,22,19,1574,17.5,3,1,4,3,0,0,2,0,6.1,6.1,0.6,6.7,22,19,105,0.17,0.06,0.23,0.17,0.23,0.35,0.04,0.39,0.35,0.39,17.5,25,1.43,14,0,4,2,3,2,4,0.23,1,0,2,0,1,0,174,278,62.6,2035,488,126,180,70.0,35,60,58.3,3,8,37.5,1,0.6,0.7,0.4,7,19,5,1,19,0,27,22,27,6,6,7,0,0,0,32,83,79,51.2,3,46,17,37.0,2.63,0.97,0.07,0.18,12.3,0,0,0,0.13,-3.1,-3.1,9,7,1,4,4,2,6,33.3,4,6,2,4,6,15,18,0,72,60.3,19,77,8,3,35,0,1.05,17,17,0,0.0,0.35,17.5,23.5,-6.0,-0.34,-0.52,491,21,38,204,254,82,491,25,10,40.0,13,52.0,268,1398,444,22,8,16,71,32,402,105
477,Fabio Carvalho,POR,Attaquant,Brentford,Premier League,22,2002,19,3,455,5.1,2,1,3,2,0,0,1,0,2.5,2.5,0.7,3.2,9,17,23,0.4,0.2,0.59,0.4,0.59,0.49,0.13,0.62,0.49,0.62,5.1,10,1.97,7,0,1,2,0,0,1,0.2,1,0,0,0,0,0,126,178,70.8,1755,442,78,94,83.0,32,45,71.1,7,18,38.9,1,0.7,0.6,0.3,4,11,5,1,17,0,5,10,1,10,3,9,0,0,0,30,2,6,25.0,2,12,5,41.7,2.37,0.99,0.17,0.4,14.7,0,0,0,0.21,-0.5,-0.5,13,9,4,4,5,6,13,46.2,7,6,1,5,3,16,2,0,24,17.4,3,81,0,16,13,6,1.47,9,14,-5,-0.99,-1.41,6.5,11.2,-4.7,-0.92,-1.1,247,4,44,91,113,22,247,14,2,14.3,10,71.4,137,698,356,9,3,0,13,8,145,23
524,Youssef Chermiti,POR,Attaquant,Everton,Premier League,20,2004,1,0,12,0.1,0,0,0,0,0,0,1,0,0.1,0.1,0.0,0.1,0,1,4,0.0,0.0,0.0,0.0,0.0,0.51,0.0,0.51,0.51,0.51,0.1,0,0.0,0,0,0,0,0,0,0,0.0,0,0,0,0,0,0,2,5,40.0,44,9,1,3,33.3,0,0,0.0,1,1,100.0,0,0.0,0.0,0.0,0,0,0,0,1,0,1,0,0,0,0,0,0,0,0,0,1,1,50.0,0,2,1,50.0,15.0,7.5,0.0,0.0,12.7,0,0,0,0.03,-0.1,-0.1,0,0,0,0,0,0,0,0.0,0,0,0,0,0,0,0,0,12,0.5,0,0,0,1,12,5,1.0,1,0,1,7.5,7.67,0.4,0.0,0.4,3.29,3.44,7,0,0,2,5,2,7,1,1,100.0,0,0.0,4,11,1,0,0,0,0,0,6,4
529,Federico Chiesa,ITA,Attaquant,Liverpool,Premier League,27,1997,3,0,28,0.3,0,0,0,0,0,0,0,0,0.2,0.2,0.0,0.2,2,1,4,0.0,0.0,0.0,0.0,0.0,0.52,0.0,0.52,0.52,0.52,0.3,3,9.64,3,0,0,0,0,0,1,3.21,1,0,0,0,0,0,15,18,83.3,168,40,11,12,91.7,2,3,66.7,1,1,100.0,0,0.0,0.1,0.0,0,2,0,0,1,0,1,1,0,1,0,0,0,0,0,3,0,0,0.0,0,2,1,50.0,6.43,3.21,0.0,0.0,21.8,0,0,0,0.08,-0.2,-0.2,0,0,0,0,0,0,1,0.0,1,1,0,1,0,0,0,0,9,1.1,0,0,0,3,9,10,3.0,2,1,1,3.21,1.79,1.3,0.8,0.5,1.56,0.19,23,0,2,11,10,3,23,1,0,0.0,1,100.0,18,67,34,2,0,1,1,3,18,4
550,Jack Clarke,ENG,Attaquant,Ipswich Town,Premier League,24,2000,24,8,871,9.7,0,4,4,0,0,0,2,0,0.9,0.9,1.8,2.8,25,28,46,0.0,0.41,0.41,0.0,0.41,0.1,0.19,0.29,0.1,0.29,9.7,34,3.52,28,2,2,0,0,2,4,0.41,3,1,0,0,0,0,234,303,77.2,3843,916,119,136,87.5,100,113,88.5,12,26,46.2,4,1.8,0.9,2.2,19,21,5,0,28,0,14,17,3,13,5,16,0,0,0,55,4,13,23.5,0,13,2,15.4,1.34,0.21,0.0,0.0,18.5,0,0,0,0.07,-0.9,-0.9,27,16,10,9,8,15,30,50.0,15,5,0,5,5,32,13,1,36,33.4,8,73,1,16,18,2,0.58,11,25,-14,-1.45,-0.41,9.3,21.5,-12.2,-1.26,-0.32,409,9,87,167,166,27,409,32,19,59.4,9,28.1,239,1682,826,25,14,9,18,14,259,46
581,Maxwel Cornet,CIV,Attaquant,Southampton,Premier League,28,1996,2,1,72,0.8,0,0,0,0,0,0,1,0,0.2,0.2,0.0,0.2,1,0,5,0.0,0.0,0.0,0.0,0.0,0.2,0.0,0.2,0.2,0.2,0.8,0,0.0,0,0,0,0,0,0,0,0.0,0,0,0,0,0,0,17,22,77.3,262,37,9,10,90.0,6,8,75.0,1,2,50.0,0,0.0,0.0,0.0,0,0,0,0,0,0,0,1,1,3,0,5,0,0,0,2,3,0,100.0,0,1,0,0.0,1.25,0.0,0.0,0.0,18.8,0,0,0,0.16,-0.2,-0.2,5,5,1,4,0,0,4,0.0,4,0,0,0,0,5,2,0,36,2.8,1,45,0,1,27,3,0.0,0,4,-4,-5.0,-3.4,0.2,1.7,-1.5,-1.86,-0.47,34,1,8,14,13,2,34,1,0,0.0,1,100.0,16,73,26,1,0,1,3,0,23,5
628,Patson Daka,ZAM,Attaquant,Leicester City,Premier League,26,1998,16,3,463,5.1,1,0,1,1,0,0,0,0,0.8,0.8,0.0,0.8,4,7,24,0.19,0.0,0.19,0.19,0.19,0.15,0.0,0.15,0.15,0.15,5.1,8,1.56,5,0,2,1,0,0,1,0.19,0,0,1,0,0,0,71,98,72.4,1014,189,41,53,77.4,24,32,75.0,2,2,100.0,0,0.0,0.0,0.0,0,4,1,0,7,0,8,15,3,2,1,7,0,0,0,9,8,21,27.6,1,11,2,18.2,2.14,0.39,0.09,0.5,16.7,0,0,0,0.07,0.2,0.2,12,7,2,6,4,6,15,40.0,9,6,1,5,1,13,6,0,29,17.7,3,79,1,13,17,2,0.44,6,10,-4,-0.78,0.73,4.8,9.8,-5.0,-0.98,-0.02,168,7,21,82,68,18,168,13,2,15.4,8,61.5,93,380,143,4,5,1,12,9,111,24
671,Liam Delap,ENG,Attaquant,Ipswich Town,Premier League,22,2003,28,27,2173,24.1,10,2,12,8,2,2,8,0,8.2,6.6,1.9,8.5,52,26,91,0.41,0.08,0.5,0.33,0.41,0.34,0.08,0.42,0.28,0.35,24.1,56,2.32,25,0,10,7,12,2,6,0.25,2,0,2,0,2,0,178,283,62.9,2498,575,98,137,71.5,58,89,65.2,8,19,42.1,2,1.9,1.3,0.1,20,14,5,0,26,0,60,39,13,2,2,7,2,0,0,52,44,54,44.9,10,56,24,42.9,2.32,0.99,0.14,0.33,16.1,0,2,2,0.12,1.8,1.4,10,7,3,2,5,2,13,15.4,11,8,0,8,2,12,22,0,78,83.3,27,80,3,1,18,0,0.61,21,48,-27,-1.12,0.32,22.4,44.1,-21.7,-0.9,0.86,557,24,64,225,283,78,555,70,31,44.3,31,44.3,363,2700,1284,52,38,26,88,52,434,91
689,Amad Diallo,CIV,Attaquant,Manchester Utd,Premier League,22,2002,22,17,1594,17.7,6,6,12,6,0,0,3,0,4.1,4.1,3.9,8.0,92,53,159,0.34,0.34,0.68,0.34,0.68,0.23,0.22,0.45,0.23,0.45,17.7,80,4.52,54,9,7,2,4,4,16,0.9,7,0,3,1,1,4,658,794,82.9,9051,1880,407,450,90.4,185,217,85.3,33,63,52.4,6,3.9,3.6,2.1,39,25,29,5,53,0,19,23,9,38,11,26,1,0,0,93,9,15,37.5,6,40,13,32.5,2.26,0.73,0.15,0.46,17.7,0,0,0,0.1,1.9,1.9,33,26,6,19,8,15,26,57.7,11,10,0,10,11,44,16,0,72,61.1,17,87,12,5,25,2,1.14,24,25,-1,-0.06,0.12,25.9,27.1,-1.2,-0.07,0.31,1012,13,150,374,504,109,1012,72,36,50.0,32,44.4,656,4482,2294,92,46,52,35,32,714,159
700,Luis Díaz,COL,Attaquant,Liverpool,Premier League,28,1997,28,22,1850,20.6,9,4,13,9,0,0,2,0,7.6,7.6,3.4,11.0,84,83,213,0.44,0.19,0.63,0.44,0.63,0.37,0.17,0.53,0.37,0.53,20.6,92,4.48,66,0,15,8,3,0,15,0.73,12,0,1,0,2,0,563,666,84.5,8828,1808,314,350,89.7,188,219,85.8,42,51,82.4,4,3.4,3.4,0.6,39,34,33,3,83,0,42,25,8,18,6,17,2,0,0,81,10,24,29.4,9,54,23,42.6,2.63,1.12,0.17,0.39,13.9,0,0,0,0.14,1.4,1.4,26,17,8,13,5,11,31,35.5,20,14,0,14,6,32,7,1,66,70.9,22,78,6,6,22,1,2.39,55,14,41,1.99,1.88,48.5,16.6,31.8,1.55,0.6,908,13,68,320,537,128,908,95,41,43.2,43,45.3,599,4445,2304,84,45,47,43,40,710,213
702,Tyler Dibling,ENG,Attaquant,Southampton,Premier League,19,2006,25,17,1540,17.1,2,0,2,2,0,0,6,0,2.4,2.4,1.4,3.8,60,54,80,0.12,0.0,0.12,0.12,0.12,0.14,0.08,0.22,0.14,0.22,17.1,53,3.1,32,1,11,5,4,0,4,0.23,2,0,1,1,0,0,396,496,79.8,5988,1233,215,241,89.2,152,179,84.9,17,40,42.5,0,1.4,1.3,-1.4,18,22,19,1,54,0,23,44,0,24,7,18,2,0,0,65,8,19,29.6,2,27,9,33.3,1.58,0.53,0.07,0.22,19.7,0,0,0,0.09,-0.4,-0.4,30,18,10,17,3,13,22,59.1,9,17,5,12,7,37,9,0,62,59.0,17,77,8,8,28,1,0.24,15,41,-26,-1.52,0.42,17.8,39.3,-21.5,-1.26,0.35,709,17,87,327,312,37,709,97,40,41.2,36,37.1,460,3767,1883,60,42,24,37,43,531,80
733,Jeremy Doku,BEL,Attaquant,Manchester City,Premier League,22,2002,20,13,1163,12.9,3,4,7,3,0,0,1,0,1.0,1.0,3.2,4.2,157,55,206,0.23,0.31,0.54,0.23,0.54,0.07,0.25,0.32,0.07,0.32,12.9,56,4.34,43,1,10,1,1,0,8,0.62,7,0,1,0,0,0,444,560,79.3,6259,1175,288,336,85.7,139,169,82.2,11,17,64.7,4,3.2,2.5,0.8,22,9,37,4,55,0,6,23,5,43,4,17,0,0,0,46,0,10,0.0,3,23,9,39.1,1.78,0.7,0.13,0.33,18.3,0,0,0,0.04,2.0,2.0,25,17,9,10,6,7,11,63.6,4,10,1,9,4,29,2,0,58,44.6,13,81,5,7,16,4,1.6,26,13,13,1.01,0.88,24.6,12.2,12.4,0.96,0.99,768,3,38,181,570,108,768,157,88,56.1,44,28.0,587,5610,3547,157,73,72,43,47,631,206
774,Jáder Durán,COL,Attaquant,Aston Villa,Premier League,21,2003,20,4,638,7.1,7,0,7,7,0,0,3,1,4.9,4.9,0.2,5.1,7,13,44,0.99,0.0,0.99,0.99,0.99,0.69,0.03,0.71,0.69,0.71,7.1,18,2.54,9,0,0,4,3,2,1,0.14,0,0,0,0,0,1,115,163,70.6,1558,307,68,84,81.0,34,50,68.0,5,11,45.5,0,0.2,0.3,-0.2,4,10,1,0,13,0,14,15,5,3,0,7,0,0,0,19,19,19,50.0,7,31,15,48.4,4.37,2.12,0.23,0.47,15.6,0,0,0,0.16,2.1,2.1,8,7,1,2,5,1,4,25.0,3,5,0,5,0,8,13,0,32,24.4,4,60,0,16,25,1,1.5,12,12,0,0.0,0.18,9.2,9.7,-0.5,-0.07,-0.15,263,13,36,110,122,47,263,14,3,21.4,9,64.3,133,535,267,7,7,2,16,15,192,44
789,Odsonne Édouard,FRA,Attaquant,Leicester City,Premier League,27,1998,4,0,29,0.3,0,0,0,0,0,0,0,0,0.0,0.0,0.0,0.0,0,1,2,0.0,0.0,0.0,0.0,0.0,0.0,0.13,0.13,0.0,0.13,0.3,2,6.21,2,0,0,0,0,0,0,0.0,0,0,0,0,0,0,6,8,75.0,59,5,3,4,75.0,1,1,100.0,0,0,0.0,0,0.0,0.0,0.0,1,0,0,0,1,0,2,0,0,0,0,1,0,0,0,1,1,1,50.0,0,0,0,0.0,0.0,0.0,0.0,0.0,0.0,0,0,0,0.0,0.0,0.0,1,1,1,0,0,0,0,0.0,0,0,0,0,0,1,1,0,7,1.1,0,0,0,4,7,3,1.0,0,1,-1,-3.1,-1.74,0.1,1.6,-1.5,-4.64,-3.72,20,1,2,7,11,6,20,2,1,50.0,1,50.0,11,25,2,0,0,1,7,2,13,2
803,Anthony Elanga,SWE,Attaquant,Nott'ham Forest,Premier League,22,2002,29,23,1845,20.5,5,8,13,5,0,0,1,0,3.7,3.7,4.3,8.0,76,41,150,0.24,0.39,0.63,0.24,0.63,0.18,0.21,0.39,0.18,0.39,20.5,79,3.86,47,15,5,4,8,0,13,0.63,9,2,1,0,1,0,378,587,64.4,5469,1936,230,273,84.2,98,160,61.3,33,96,34.4,8,4.3,3.7,3.7,39,22,21,6,41,0,6,30,11,136,5,12,0,0,0,66,18,30,37.5,5,33,15,45.5,1.61,0.73,0.15,0.33,16.8,4,0,0,0.11,1.3,1.3,17,12,7,8,2,4,15,26.7,11,7,1,6,5,22,25,0,64,70.7,23,75,8,6,21,0,1.86,37,25,12,0.59,0.35,26.9,26.3,0.6,0.03,-0.2,813,28,118,227,480,80,813,60,16,26.7,27,45.0,429,3316,1927,76,39,34,59,29,534,150
815,Yunus Emre Konak,TUR,Attaquant,Brentford,Premier League,19,2006,7,0,31,0.3,0,0,0,0,0,0,0,0,0.2,0.2,0.0,0.2,1,2,1,0.0,0.0,0.0,0.0,0.0,0.44,0.0,0.44,0.44,0.44,0.3,0,0.0,0,0,0,0,0,0,0,0.0,0,0,0,0,0,0,20,27,74.1,329,76,12,15,80.0,5,6,83.3,3,4,75.0,0,0.0,0.0,0.0,0,1,0,0,2,0,2,1,0,0,0,4,0,0,0,2,4,4,50.0,0,1,0,0.0,2.9,0.0,0.0,0.0,21.4,0,0,0,0.15,-0.2,-0.2,4,4,0,4,0,1,2,50.0,1,0,0,0,0,4,0,0,4,1.2,0,0,0,7,4,20,1.86,1,2,-1,-2.9,-3.11,0.6,1.2,-0.7,-1.92,-1.92,39,0,6,20,13,0,39,2,0,0.0,2,100.0,13,57,36,1,0,1,2,3,21,1
833,Evanilson,BRA,Attaquant,Bournemouth,Premier League,25,1999,22,19,1544,17.2,6,0,6,6,0,1,0,0,7.9,7.1,1.4,8.5,22,15,72,0.35,0.0,0.35,0.35,0.35,0.46,0.08,0.54,0.41,0.49,17.2,50,2.91,30,0,3,8,9,0,7,0.41,1,0,1,1,4,0,157,224,70.1,1929,375,105,141,74.5,32,45,71.1,8,9,88.9,0,1.4,1.4,-1.4,20,12,2,0,15,0,24,38,14,0,0,6,5,0,0,47,28,50,35.9,6,49,24,49.0,2.86,1.4,0.12,0.25,13.6,0,0,1,0.14,-1.9,-1.1,11,6,4,4,3,5,9,55.6,4,7,1,6,0,11,12,0,70,59.2,19,78,3,3,23,1,1.5,25,21,4,0.23,-0.44,33.4,18.4,15.0,0.87,0.94,374,14,27,144,205,95,373,19,6,31.6,7,36.8,230,1239,580,22,11,12,28,18,268,72
847,Abdul Fatawu Issahaku,GHA,Attaquant,Leicester City,Premier League,21,2004,11,6,579,6.4,0,2,2,0,0,0,0,0,0.4,0.4,1.6,2.0,42,17,60,0.0,0.31,0.31,0.0,0.31,0.06,0.24,0.31,0.06,0.31,6.4,17,2.64,10,0,2,1,4,0,3,0.47,2,0,0,1,0,0,123,197,62.4,2150,601,59,81,72.8,45,59,76.3,16,33,48.5,2,1.6,1.4,0.4,6,7,7,2,17,0,11,20,2,30,4,15,0,0,0,38,14,13,51.9,0,13,5,38.5,2.02,0.78,0.0,0.0,31.2,0,0,0,0.03,-0.4,-0.4,21,15,13,2,6,11,19,57.9,8,7,0,7,4,25,12,0,53,22.2,6,86,5,5,12,0,0.91,7,14,-7,-1.09,0.37,6.8,10.7,-3.9,-0.6,0.45,326,19,73,114,157,26,326,69,29,42.0,28,40.6,217,1869,1055,42,24,15,18,12,216,60
854,João Félix,POR,Attaquant,Chelsea,Premier League,25,1999,12,3,369,4.1,1,1,2,1,0,0,2,0,2.2,2.2,1.0,3.2,21,26,30,0.24,0.24,0.49,0.24,0.49,0.54,0.23,0.78,0.54,0.78,4.1,18,4.38,12,0,2,3,1,0,3,0.73,1,0,1,0,1,0,171,199,85.9,2588,663,95,105,90.5,62,68,91.2,10,15,66.7,1,1.0,0.5,0.0,6,22,8,0,26,0,6,17,1,0,3,3,0,0,0,22,4,5,44.4,1,20,5,25.0,4.88,1.22,0.05,0.2,15.9,0,0,0,0.11,-1.2,-1.2,8,3,2,5,1,5,9,55.6,4,2,0,2,3,11,2,0,31,14.1,3,75,1,9,16,8,2.25,10,4,6,1.46,1.06,13.8,5.7,8.1,1.98,1.64,272,2,26,128,125,30,272,31,10,32.3,14,45.2,193,1248,712,21,13,5,6,4,218,30
857,Evan Ferguson,IRL,Attaquant,West Ham,Premier League,20,2004,5,0,95,1.1,0,0,0,0,0,0,0,0,0.2,0.2,0.3,0.6,1,0,5,0.0,0.0,0.0,0.0,0.0,0.24,0.29,0.52,0.24,0.52,1.1,4,3.79,2,0,1,1,0,0,0,0.0,0,0,0,0,0,0,18,23,78.3,198,11,15,19,78.9,2,3,66.7,0,0,0.0,0,0.3,0.3,-0.3,2,0,0,0,0,0,1,1,0,0,1,0,0,0,0,6,5,6,45.5,0,4,1,25.0,3.79,0.95,0.0,0.0,19.2,0,0,0,0.06,-0.2,-0.2,1,0,0,0,1,0,0,0.0,0,2,1,1,1,2,1,0,19,3.6,0,0,0,5,19,0,1.4,0,0,0,0.0,0.57,1.1,0.7,0.4,0.38,0.77,44,0,3,17,24,9,44,5,3,60.0,2,40.0,20,88,38,1,1,1,5,2,26,5
858,Evan Ferguson,IRL,Attaquant,Brighton,Premier League,20,2004,13,2,246,2.7,1,0,1,1,0,0,0,0,0.5,0.5,0.4,1.0,2,1,9,0.37,0.0,0.37,0.37,0.37,0.2,0.15,0.35,0.2,0.35,2.7,4,1.47,3,0,1,0,0,0,0,0.0,0,0,0,0,0,0,43,58,74.1,484,44,31,36,86.1,8,11,72.7,1,4,25.0,0,0.4,0.4,-0.4,3,1,0,0,1,0,3,1,0,0,0,3,0,0,0,10,4,9,30.8,1,7,2,28.6,2.56,0.73,0.14,0.5,19.2,1,0,0,0.08,0.5,0.5,4,3,0,3,1,2,5,40.0,3,3,1,2,0,4,4,0,19,9.4,2,65,0,11,11,2,0.92,4,7,-3,-1.1,-1.44,2.9,4.8,-1.9,-0.71,-0.88,88,7,13,50,26,9,88,2,1,50.0,1,50.0,42,183,56,2,1,2,5,6,52,9
896,Ryan Fraser,SCO,Attaquant,Southampton,Premier League,31,1994,8,4,306,3.4,0,0,0,0,0,0,0,1,0.0,0.0,0.1,0.1,10,8,18,0.0,0.0,0.0,0.0,0.0,0.01,0.03,0.04,0.01,0.04,3.4,5,1.47,5,0,0,0,0,0,0,0.0,0,0,0,0,0,0,77,103,74.8,1121,208,43,46,93.5,28,40,70.0,3,10,30.0,0,0.1,0.1,-0.1,2,3,1,0,8,0,1,4,1,12,1,2,0,1,0,10,2,3,40.0,0,1,1,100.0,0.29,0.29,0.0,0.0,31.6,0,0,0,0.03,0.0,0.0,6,2,2,4,0,4,6,66.7,2,1,1,0,1,7,9,0,38,11.7,4,60,0,4,17,5,0.25,4,10,-6,-1.76,-0.09,5.6,10.2,-4.6,-1.35,0.06,131,12,45,50,37,3,131,3,2,66.7,1,33.3,74,492,252,10,5,2,4,2,94,18
909,Niclas Füllkrug,GER,Attaquant,West Ham,Premier League,32,1993,9,3,370,4.1,2,1,3,2,0,0,1,0,1.4,1.4,1.0,2.4,3,4,8,0.49,0.24,0.73,0.49,0.73,0.35,0.24,0.59,0.35,0.59,4.1,11,2.67,10,0,0,1,0,0,1,0.24,0,0,0,1,0,0,53,77,68.8,723,93,29,39,74.4,17,27,63.0,2,4,50.0,1,1.0,0.2,0.0,7,3,1,0,4,0,9,3,4,0,0,2,0,0,0,4,20,24,45.5,2,8,3,37.5,1.95,0.73,0.25,0.67,10.3,0,0,0,0.18,0.6,0.6,2,2,0,1,1,2,3,66.7,1,0,0,0,0,2,5,0,41,14.2,3,71,1,6,26,1,0.89,6,11,-5,-1.22,-0.77,7.2,7.4,-0.2,-0.04,0.37,111,7,8,60,43,20,111,3,0,0.0,3,100.0,40,146,74,3,2,2,10,2,78,8
916,Cody Gakpo,NED,Attaquant,Liverpool,Premier League,25,1999,26,16,1411,15.7,8,3,11,8,0,0,4,0,6.0,6.0,3.5,9.4,38,44,212,0.51,0.19,0.7,0.51,0.7,0.38,0.22,0.6,0.38,0.6,15.7,61,3.89,46,0,7,4,3,1,6,0.38,3,0,2,0,1,0,368,482,76.3,5200,1312,229,264,86.7,109,161,67.7,16,28,57.1,3,3.5,2.7,-0.5,30,21,22,6,44,0,14,19,5,54,7,12,1,0,0,57,13,18,41.9,8,44,17,38.6,2.81,1.08,0.18,0.47,15.4,0,0,0,0.14,2.0,2.0,23,12,5,10,8,11,20,55.0,9,17,2,15,7,30,15,1,54,54.1,16,75,4,10,22,0,2.42,33,14,19,1.21,-0.51,34.2,12.2,22.0,1.4,0.07,667,19,63,196,421,77,667,43,26,60.5,13,30.2,448,3093,1533,38,23,17,32,15,506,212
952,Tyrique George,ENG,Attaquant,Chelsea,Premier League,19,2006,5,0,89,1.0,0,1,1,0,0,0,1,0,0.1,0.1,0.7,0.8,9,2,16,0.0,1.01,1.01,0.0,1.01,0.13,0.73,0.86,0.13,0.86,1.0,6,6.07,5,0,1,0,0,0,1,1.01,1,0,0,0,0,0,36,43,83.7,480,72,19,20,95.0,14,17,82.4,0,2,0.0,1,0.7,0.3,0.3,5,0,1,0,2,0,2,0,1,3,1,0,0,0,0,2,0,3,0.0,0,2,0,0.0,2.02,0.0,0.0,0.0,11.9,0,0,0,0.07,-0.1,-0.1,2,0,2,0,0,2,3,66.7,1,0,0,0,1,3,0,0,18,3.4,0,0,0,5,18,5,1.8,1,0,1,1.01,0.48,1.4,1.0,0.3,0.33,-0.25,51,0,9,12,31,8,51,4,3,75.0,1,25.0,36,342,206,9,1,5,1,0,41,16
973,Martial Godo,ENG,Attaquant,Fulham,Premier League,22,2003,1,0,16,0.2,0,0,0,0,0,0,0,0,0.0,0.0,0.0,0.0,0,0,3,0.0,0.0,0.0,0.0,0.0,0.0,0.0,0.0,0.0,0.0,0.2,0,0.0,0,0,0,0,0,0,0,0.0,0,0,0,0,0,0,3,5,60.0,41,2,2,3,66.7,1,1,100.0,0,1,0.0,0,0.0,0.0,0.0,0,0,0,0,0,0,0,0,0,1,1,0,0,0,0,0,0,1,0.0,0,0,0,0.0,0.0,0.0,0.0,0.0,0.0,0,0,0,0.0,0.0,0.0,0,0,0,0,0,0,0,0.0,0,1,0,1,1,1,0,0,16,0.6,0,0,0,1,16,7,1.0,0,0,0,0.0,-0.17,0.1,0.0,0.1,0.56,0.33,11,0,1,4,6,3,11,2,0,0.0,2,100.0,8,48,18,0,0,0,0,0,6,3
998,Anthony Gordon,ENG,Attaquant,Newcastle Utd,Premier League,24,2001,26,25,2108,23.4,6,5,11,5,1,2,2,0,7.8,6.3,4.9,11.2,104,88,187,0.26,0.21,0.47,0.21,0.43,0.34,0.21,0.54,0.27,0.48,23.4,96,4.1,69,10,7,3,7,0,12,0.51,9,1,1,0,1,0,612,850,72.0,9404,3173,342,401,85.3,206,268,76.9,45,111,40.5,5,4.9,4.8,0.1,49,56,49,16,88,0,19,58,7,116,6,17,1,0,0,88,5,7,41.7,6,52,15,28.8,2.22,0.64,0.1,0.33,16.2,1,1,2,0.12,-1.8,-1.3,28,17,9,16,3,11,32,34.4,21,24,2,22,6,34,9,2,81,83.7,25,83,8,1,31,0,1.69,40,30,10,0.43,0.65,39.9,28.7,11.2,0.48,0.56,1100,16,110,413,595,122,1098,93,35,37.6,42,45.2,710,5230,2813,104,52,54,28,34,787,187
1016,Jack Grealish,ENG,Attaquant,Manchester City,Premier League,29,1995,16,6,609,6.8,0,1,1,0,0,0,3,0,0.8,0.8,1.7,2.4,66,43,111,0.0,0.15,0.15,0.0,0.15,0.12,0.25,0.36,0.12,0.36,6.8,40,5.9,35,1,3,0,0,1,2,0.3,1,0,0,0,0,1,321,369,87.0,4826,815,206,221,93.2,101,115,87.8,13,21,61.9,1,1.7,1.5,-0.7,22,16,13,0,43,0,3,21,0,20,2,5,0,0,0,20,1,6,14.3,0,13,4,30.8,1.92,0.59,0.0,0.0,16.7,0,0,0,0.06,-0.8,-0.8,9,5,4,2,3,2,4,50.0,2,11,2,9,2,11,4,1,38,23.3,6,79,1,10,14,8,1.88,15,9,6,0.89,0.48,12.5,10.4,2.1,0.31,-0.13,439,12,34,132,277,65,439,25,13,52.0,8,32.0,323,2560,1591,66,18,45,8,12,358,111
1027,Brajan Gruda,GER,Attaquant,Brighton,Premier League,20,2004,13,5,387,4.3,0,1,1,0,0,0,0,0,0.3,0.3,0.6,0.9,14,14,41,0.0,0.23,0.23,0.0,0.23,0.07,0.15,0.22,0.07,0.22,4.3,18,4.18,13,2,2,0,1,0,2,0.46,1,1,0,0,0,0,109,149,73.2,1447,516,72,85,84.7,24,34,70.6,7,19,36.8,1,0.6,0.5,0.4,11,4,8,1,14,0,3,7,1,15,2,4,0,0,0,17,2,4,33.3,0,3,2,66.7,0.7,0.47,0.0,0.0,18.6,2,0,0,0.1,-0.3,-0.3,12,4,5,5,2,6,12,50.0,6,7,0,7,2,14,3,0,30,14.8,5,56,0,8,13,6,1.15,7,9,-2,-0.47,-0.79,5.5,6.4,-0.9,-0.21,-0.35,204,4,28,67,110,24,204,18,7,38.9,7,38.9,120,862,410,14,16,9,7,17,132,41
1029,Albert Grønbaek,DEN,Attaquant,Southampton,Premier League,23,2001,4,2,143,1.6,0,0,0,0,0,0,0,0,0.1,0.1,0.0,0.1,1,1,3,0.0,0.0,0.0,0.0,0.0,0.07,0.01,0.08,0.07,0.08,1.6,2,1.26,1,0,0,1,0,0,0,0.0,0,0,0,0,0,0,13,18,72.2,135,43,9,11,81.8,2,4,50.0,0,0,0.0,0,0.0,0.0,0.0,1,2,0,0,1,0,0,1,0,1,0,1,0,0,0,6,2,0,100.0,0,2,0,0.0,1.26,0.0,0.0,0.0,22.4,0,0,0,0.06,-0.1,-0.1,4,1,1,1,2,3,10,30.0,7,1,1,0,0,4,1,0,36,5.5,2,66,0,2,6,2,0.75,2,3,-1,-0.63,1.12,0.8,4.8,-4.1,-2.56,-1.23,38,2,9,14,15,2,38,4,0,0.0,4,100.0,18,79,15,1,0,1,5,4,21,3
1052,Marc Guiu,ESP,Attaquant,Chelsea,Premier League,19,2006,3,0,73,0.8,0,0,0,0,0,0,0,0,0.0,0.0,0.0,0.0,0,0,3,0.0,0.0,0.0,0.0,0.0,0.0,0.04,0.04,0.0,0.04,0.8,1,1.22,1,0,0,0,0,0,0,0.0,0,0,0,0,0,0,11,16,68.8,110,4,9,13,69.2,1,2,50.0,0,0,0.0,0,0.0,0.0,0.0,1,0,0,0,0,0,0,0,0,0,0,1,0,0,0,2,0,1,0.0,0,0,0,0.0,0.0,0.0,0.0,0.0,0.0,0,0,0,0.0,0.0,0.0,1,1,0,1,0,1,1,100.0,0,0,0,0,0,1,0,0,24,2.8,0,0,0,3,24,9,1.33,2,2,0,0.0,-0.57,0.8,1.5,-0.6,-0.76,-1.36,22,0,2,8,12,3,22,1,0,0.0,1,100.0,12,30,8,0,0,0,2,0,12,3
1067,Erling Haaland,NOR,Attaquant,Manchester City,Premier League,24,2000,28,28,2480,27.6,21,3,24,19,2,3,2,0,20.8,18.4,2.8,21.2,19,18,103,0.76,0.11,0.87,0.69,0.8,0.76,0.1,0.86,0.67,0.77,27.6,62,2.25,43,0,8,10,1,0,9,0.33,6,0,2,1,0,0,225,341,66.0,2706,532,156,221,70.6,50,75,66.7,4,6,66.7,3,2.8,1.8,0.2,26,9,7,1,18,0,22,12,4,3,5,5,0,0,0,29,49,45,52.1,21,99,54,54.5,3.59,1.96,0.19,0.35,12.2,1,2,3,0.19,0.2,0.6,9,5,3,3,3,2,6,33.3,4,11,1,10,5,14,23,0,89,95.0,28,89,24,0,0,0,1.71,54,38,16,0.58,1.27,50.0,38.6,11.4,0.41,0.01,578,22,39,200,344,170,575,32,11,34.4,19,59.4,272,1310,478,19,14,19,39,25,427,103
1080,Ali Al Hamadi,IRQ,Attaquant,Ipswich Town,Premier League,23,2002,11,0,134,1.5,0,0,0,0,0,0,3,0,0.4,0.4,0.1,0.4,4,3,14,0.0,0.0,0.0,0.0,0.0,0.24,0.05,0.28,0.24,0.28,1.5,8,5.37,4,0,3,0,1,0,0,0.0,0,0,0,0,0,0,25,30,83.3,278,29,20,23,87.0,5,7,71.4,0,0,0.0,0,0.1,0.0,-0.1,2,0,0,0,3,0,8,3,1,0,0,0,0,0,0,4,5,9,35.7,0,4,0,0.0,2.69,0.0,0.0,0.0,15.7,0,0,0,0.09,-0.4,-0.4,1,0,0,0,1,0,2,0.0,2,0,0,0,0,1,2,0,12,5.1,0,0,0,11,12,2,0.82,1,5,-4,-2.69,-1.6,1.4,3.7,-2.3,-1.56,-0.54,53,2,6,20,30,9,53,7,4,57.1,3,42.9,29,187,111,4,3,4,7,4,36,14
1087,Jack Harrison,ENG,Attaquant,Everton,Premier League,28,1996,25,17,1504,16.7,1,0,1,1,0,0,0,0,3.1,3.1,3.2,6.3,45,36,90,0.06,0.0,0.06,0.06,0.06,0.18,0.19,0.37,0.18,0.37,16.7,45,2.69,31,5,4,2,3,0,3,0.18,1,0,0,1,1,0,305,467,65.3,4647,1721,188,223,84.3,79,115,68.7,24,69,34.8,0,3.2,2.3,-3.2,26,22,18,6,36,0,10,20,3,82,6,18,0,0,0,54,4,22,15.4,1,24,6,25.0,1.44,0.36,0.04,0.17,15.3,0,0,0,0.13,-2.1,-2.1,26,18,11,8,7,13,29,44.8,16,11,0,11,6,32,24,2,60,57.6,17,76,7,8,27,4,1.08,17,22,-5,-0.3,-0.38,17.9,23.8,-6.0,-0.36,-0.52,678,22,115,235,334,56,678,60,20,33.3,34,56.7,386,2138,1096,45,23,14,38,33,447,90
1092,Kai Havertz,GER,Attaquant,Arsenal,Premier League,25,1999,21,21,1839,20.4,9,3,12,9,0,0,4,0,9.4,9.4,2.4,11.8,34,59,110,0.44,0.15,0.59,0.44,0.59,0.46,0.12,0.58,0.46,0.58,20.4,41,2.01,34,0,1,6,0,0,3,0.15,2,0,0,1,0,0,401,511,78.5,4833,1010,281,334,84.1,94,114,82.5,5,11,45.5,3,2.4,1.7,0.6,16,26,8,1,59,0,36,21,14,11,6,9,0,0,0,39,62,73,45.9,9,52,21,40.4,2.54,1.03,0.17,0.43,11.7,0,0,0,0.18,-0.4,-0.4,16,9,3,6,7,4,15,26.7,11,22,4,18,6,22,31,1,88,70.5,21,88,18,0,0,1,2.05,39,20,19,0.93,-0.24,33.7,19.0,14.7,0.72,0.13,768,31,88,282,403,103,768,38,9,23.7,24,63.2,411,1957,922,34,23,18,42,22,575,110
1116,Son Heung-min,KOR,Attaquant,Tottenham,Premier League,32,1992,26,21,1858,20.6,7,9,16,6,1,2,1,0,6.5,4.9,8.1,13.0,81,95,233,0.34,0.44,0.78,0.29,0.73,0.32,0.39,0.71,0.24,0.63,20.6,109,5.28,81,8,10,6,4,0,14,0.68,12,0,0,1,1,0,654,826,79.2,9162,2433,409,455,89.9,175,219,79.9,36,72,50.0,9,8.1,4.9,0.9,49,31,46,6,95,0,5,26,11,70,4,9,1,0,0,75,6,11,35.3,7,50,23,46.0,2.42,1.11,0.12,0.26,17.4,1,1,2,0.1,0.5,1.1,16,9,3,8,5,5,20,25.0,15,8,0,8,4,20,16,1,71,71.2,21,80,10,5,35,0,1.19,42,32,10,0.48,0.25,33.5,35.2,-1.7,-0.08,-0.16,1014,14,103,321,600,110,1012,76,28,36.8,37,48.7,678,4179,2131,81,43,36,25,26,781,233
1122,George Hirst,SCO,Attaquant,Ipswich Town,Premier League,26,1999,17,1,271,3.0,2,1,3,2,0,0,1,0,1.1,1.1,0.3,1.3,5,9,20,0.66,0.33,1.0,0.66,1.0,0.36,0.09,0.44,0.36,0.44,3.0,6,1.98,5,0,0,1,0,0,2,0.66,1,0,0,1,0,0,35,65,53.8,370,104,26,39,66.7,6,14,42.9,0,1,0.0,1,0.3,0.1,0.7,3,0,3,0,9,0,6,2,0,2,1,1,0,0,0,5,16,9,64.0,2,6,4,66.7,1.99,1.33,0.33,0.5,10.1,0,0,0,0.18,0.9,0.9,1,1,1,0,0,0,1,0.0,1,0,0,0,1,2,6,0,16,10.4,1,72,0,16,12,0,0.47,6,6,0,0.0,1.31,3.1,7.7,-4.7,-1.53,-0.55,101,6,16,29,57,17,101,1,0,0.0,1,100.0,55,282,97,5,1,5,13,8,84,20
1129,Mason Holgate,ENG,Attaquant,Everton,Premier League,28,1996,1,0,6,0.1,0,0,0,0,0,0,0,0,0.0,0.0,0.0,0.0,0,0,0,0.0,0.0,0.0,0.0,0.0,0.0,0.0,0.0,0.0,0.0,0.1,0,0.0,0,0,0,0,0,0,0,0.0,0,0,0,0,0,0,2,2,100.0,55,0,0,0,0.0,1,1,100.0,1,1,100.0,0,0.0,0.0,0.0,0,0,0,0,0,0,0,0,0,0,0,0,0,0,0,0,0,1,0.0,0,0,0,0.0,0.0,0.0,0.0,0.0,0.0,0,0,0,0.0,0.0,0.0,0,0,0,0,0,0,0,0.0,0,0,0,0,0,0,0,0,6,0.2,0,0,0,1,6,1,0.0,0,1,-1,-15.0,-14.9,0.0,0.1,-0.1,-1.02,-0.88,3,0,0,2,1,0,3,0,0,0.0,0,0.0,1,0,0,0,0,0,1,0,1,0
1142,Callum Hudson-Odoi,ENG,Attaquant,Nott'ham Forest,Premier League,24,2000,25,22,1894,21.0,5,2,7,5,0,0,2,0,2.2,2.2,2.4,4.5,107,59,170,0.24,0.1,0.33,0.24,0.33,0.1,0.11,0.21,0.1,0.21,21.0,81,3.85,62,3,9,3,4,0,11,0.52,7,0,2,0,2,0,590,717,82.3,8466,1776,361,390,92.6,169,210,80.5,35,69,50.7,2,2.4,2.4,-0.4,37,27,27,9,59,0,11,19,7,68,13,12,1,0,0,81,2,10,16.7,5,33,15,45.5,1.57,0.71,0.15,0.33,18.6,0,0,0,0.07,2.8,2.8,17,12,6,7,4,8,13,61.5,5,10,0,10,13,30,10,1,76,72.6,22,82,6,3,31,1,1.92,37,17,20,0.95,1.7,25.6,20.9,4.7,0.23,0.5,886,14,99,269,540,62,886,54,30,55.6,16,29.6,552,4531,2868,107,52,37,42,22,672,170
1151,Rasmus Højlund,DEN,Attaquant,Manchester Utd,Premier League,22,2003,24,17,1434,15.9,3,0,3,3,0,0,2,0,3.0,3.0,1.1,4.1,23,14,71,0.19,0.0,0.19,0.19,0.19,0.18,0.07,0.26,0.18,0.26,15.9,23,1.44,15,0,2,3,3,0,1,0.06,0,0,0,0,1,0,178,233,76.4,1910,347,130,157,82.8,27,39,69.2,3,4,75.0,0,1.1,0.7,-1.1,12,9,4,0,14,0,13,22,9,5,1,1,1,0,0,26,20,70,22.2,3,20,9,45.0,1.26,0.56,0.15,0.33,13.8,0,0,0,0.15,0.0,0.0,3,1,0,2,1,0,4,0.0,4,4,0,4,1,4,3,0,60,54.9,17,76,4,7,19,1,1.17,15,25,-10,-0.63,-1.16,17.1,24.7,-7.6,-0.48,-0.65,369,4,20,189,166,46,369,23,6,26.1,15,65.2,227,1138,485,23,11,13,54,25,291,71
1169,Danny Ings,ENG,Attaquant,West Ham,Premier League,32,1992,15,1,284,3.2,1,2,3,1,0,0,0,0,2.3,2.3,1.3,3.5,6,5,29,0.32,0.63,0.95,0.32,0.95,0.72,0.41,1.12,0.72,1.12,3.2,12,3.8,7,0,1,3,1,0,2,0.63,0,0,0,1,1,0,63,92,68.5,830,126,41,49,83.7,19,29,65.5,1,5,20.0,2,1.3,0.1,0.7,6,4,1,0,5,0,0,2,0,3,1,2,1,0,0,9,8,10,44.4,1,14,5,35.7,4.44,1.58,0.07,0.2,15.5,0,0,0,0.16,-1.3,-1.3,4,2,2,2,0,1,3,33.3,2,5,0,5,1,5,4,0,19,10.9,1,45,0,14,17,12,1.07,4,4,0,0.0,0.62,8.0,4.7,3.3,1.05,1.59,139,2,15,51,73,27,139,7,4,57.1,2,28.6,63,324,118,6,0,2,6,6,96,29
1174,Alexander Isak,SWE,Attaquant,Newcastle Utd,Premier League,25,1999,25,25,2052,22.8,19,5,24,17,2,2,1,0,15.6,14.0,3.8,17.7,64,61,164,0.83,0.22,1.05,0.75,0.96,0.68,0.17,0.85,0.61,0.78,22.8,75,3.29,57,1,8,5,2,2,13,0.57,10,0,1,0,1,1,388,525,73.9,5412,1254,233,282,82.6,116,148,78.4,18,30,60.0,5,3.8,3.2,1.2,35,30,17,0,61,0,23,11,18,11,2,5,1,0,0,44,19,40,32.2,19,67,31,46.3,2.94,1.36,0.25,0.55,14.6,3,2,2,0.21,3.4,3.0,12,5,2,3,7,5,12,41.7,7,17,2,15,2,14,13,1,82,81.4,25,82,13,0,0,0,1.8,43,33,10,0.44,0.63,40.3,28.3,12.0,0.53,0.75,788,17,48,297,454,141,786,75,35,46.7,39,52.0,475,2891,1458,64,36,36,52,45,553,164
1184,Alex Iwobi,NGA,Attaquant,Fulham,Premier League,28,1996,29,28,2358,26.2,7,4,11,7,0,0,1,0,3.9,3.9,5.7,9.6,112,168,199,0.27,0.15,0.42,0.27,0.42,0.15,0.22,0.36,0.15,0.36,26.2,106,4.05,92,0,7,5,2,0,13,0.5,11,0,2,0,0,0,902,1206,74.8,15623,4592,457,529,86.4,344,445,77.3,86,151,57.0,4,5.7,5.4,-1.7,49,92,67,12,168,0,15,16,3,93,9,18,0,0,0,111,4,27,12.9,7,53,22,41.5,2.02,0.84,0.13,0.32,18.1,0,0,0,0.07,3.1,3.1,33,18,12,16,5,14,24,58.3,10,21,1,20,9,42,26,0,81,90.3,28,83,12,1,24,0,1.55,32,32,0,0.0,-1.79,32.2,27.7,4.5,0.17,-0.66,1473,29,201,591,705,95,1473,79,40,50.6,35,44.3,1051,6280,3426,112,86,33,51,35,1155,199
1187,Nicolas Jackson,SEN,Attaquant,Chelsea,Premier League,23,2001,23,22,1736,19.3,9,5,14,9,0,0,5,0,11.4,11.4,4.0,15.4,41,27,94,0.47,0.26,0.73,0.47,0.73,0.59,0.21,0.8,0.59,0.8,19.3,62,3.22,37,0,9,7,8,1,10,0.52,7,0,2,1,0,0,231,308,75.0,3020,691,143,175,81.7,65,85,76.5,6,11,54.5,5,4.0,1.7,1.0,25,17,6,1,27,0,21,23,15,3,2,10,0,0,0,36,13,26,33.3,9,63,30,47.6,3.27,1.56,0.14,0.3,12.2,0,0,0,0.18,-2.4,-2.4,17,10,4,5,8,2,7,28.6,5,12,2,10,2,19,15,0,75,66.5,22,77,5,1,36,1,1.74,36,19,17,0.88,0.98,35.6,24.0,11.7,0.61,0.12,544,19,41,226,285,115,544,50,17,34.0,25,50.0,325,2069,1117,41,21,26,52,33,396,94
1203,Daniel Jebbison,ENG,Attaquant,Bournemouth,Premier League,21,2003,9,0,70,0.8,0,0,0,0,0,0,1,0,0.2,0.2,0.2,0.4,2,3,8,0.0,0.0,0.0,0.0,0.0,0.27,0.25,0.52,0.27,0.52,0.8,5,6.43,4,0,1,0,0,0,0,0.0,0,0,0,0,0,0,22,27,81.5,204,36,15,17,88.2,1,1,100.0,0,1,0.0,0,0.2,0.1,-0.2,3,1,1,0,3,0,2,2,0,1,1,1,0,0,0,6,2,7,22.2,0,2,1,50.0,2.57,1.29,0.0,0.0,12.3,0,0,0,0.1,-0.2,-0.2,2,1,1,1,0,2,4,50.0,2,1,1,0,1,3,1,0,8,2.7,0,0,0,9,8,2,1.33,4,1,3,3.86,3.54,1.7,1.8,-0.1,-0.14,-0.64,45,2,4,19,22,8,45,4,3,75.0,1,25.0,28,183,79,2,1,3,8,3,32,8
1209,Gabriel Jesus,BRA,Attaquant,Arsenal,Premier League,27,1997,17,6,608,6.8,3,0,3,3,0,0,4,0,3.0,3.0,0.7,3.7,15,19,57,0.44,0.0,0.44,0.44,0.44,0.44,0.1,0.54,0.44,0.54,6.8,18,2.66,10,0,1,5,1,1,4,0.59,1,0,0,3,0,0,156,203,76.8,2030,378,103,128,80.5,41,47,87.2,4,6,66.7,0,0.7,0.5,-0.7,8,10,9,1,19,0,14,10,9,7,4,6,0,0,0,28,9,18,33.3,3,20,7,35.0,2.96,1.04,0.15,0.43,11.1,0,0,0,0.15,0.0,0.0,10,6,4,3,3,4,9,44.4,5,10,1,9,4,14,8,0,36,23.3,6,81,2,11,11,1,1.94,15,5,10,1.48,0.63,11.4,5.7,5.7,0.85,0.21,299,9,28,108,165,48,299,22,9,40.9,10,45.5,179,953,432,15,6,11,13,13,217,57
1212,Raúl Jiménez,MEX,Attaquant,Fulham,Premier League,33,1991,29,23,1836,20.4,10,3,13,7,3,3,3,0,10.3,7.9,2.8,10.7,29,45,103,0.49,0.15,0.64,0.34,0.49,0.51,0.13,0.64,0.39,0.52,20.4,49,2.4,32,1,2,9,4,1,6,0.29,3,0,0,1,1,1,341,484,70.5,5201,1157,194,239,81.2,103,137,75.2,27,46,58.7,3,2.8,1.8,0.2,15,26,8,3,45,0,30,32,13,18,9,14,1,0,0,56,55,74,42.6,10,74,25,33.8,3.63,1.23,0.09,0.28,14.6,0,3,3,0.11,-0.3,-0.9,24,14,5,12,7,4,14,28.6,10,17,5,12,9,33,15,3,63,70.3,23,76,4,6,16,0,1.55,24,25,-1,-0.05,-0.75,27.5,21.7,5.8,0.28,0.17,750,26,83,328,350,133,747,42,18,42.9,21,50.0,422,1919,862,29,15,15,47,38,550,103
1214,João Pedro,BRA,Attaquant,Brighton,Premier League,23,2001,23,20,1699,18.9,8,6,14,5,3,3,4,0,7.1,4.7,4.3,9.0,60,65,110,0.42,0.32,0.74,0.26,0.58,0.37,0.23,0.6,0.25,0.47,18.9,58,3.07,45,0,2,2,8,1,9,0.48,6,0,0,0,3,0,413,569,72.6,5799,1514,259,332,78.0,111,150,74.0,24,36,66.7,6,4.3,2.6,1.7,23,36,31,4,65,0,20,42,2,19,7,8,3,1,0,49,36,38,48.6,8,39,14,35.9,2.07,0.74,0.13,0.36,16.6,0,3,3,0.12,0.9,0.3,12,8,5,5,2,2,9,22.2,7,11,0,11,7,19,9,0,74,65.1,20,82,11,3,21,0,1.7,30,21,9,0.48,0.77,31.0,21.8,9.3,0.49,1.15,804,9,49,333,433,107,801,65,24,36.9,33,50.8,528,3264,1557,60,32,29,66,34,639,110
1222,Brennan Johnson,WAL,Attaquant,Tottenham,Premier League,23,2001,26,20,1762,19.6,9,2,11,9,0,0,4,0,9.2,9.2,1.6,10.8,52,57,169,0.46,0.1,0.56,0.46,0.56,0.47,0.08,0.55,0.47,0.55,19.6,42,2.15,28,0,6,4,3,1,6,0.31,5,0,1,0,0,0,378,528,71.6,4926,1297,235,291,80.8,118,155,76.1,8,21,38.1,2,1.6,1.4,0.4,15,23,27,4,57,0,20,19,6,41,4,22,1,0,0,52,7,19,26.9,9,49,18,36.7,2.5,0.92,0.18,0.5,11.4,0,0,0,0.19,-0.2,-0.2,35,22,6,20,9,14,28,50.0,14,19,2,17,4,39,11,0,68,67.5,20,77,10,6,37,0,1.19,32,24,8,0.41,-0.02,31.8,30.9,0.9,0.04,0.25,713,15,75,245,404,111,713,36,16,44.4,17,47.2,444,2472,1261,52,18,30,21,13,516,169
1232,Diogo Jota,POR,Attaquant,Liverpool,Premier League,28,1996,18,10,844,9.4,5,3,8,5,0,0,1,0,6.1,6.1,1.7,7.8,31,23,67,0.53,0.32,0.85,0.53,0.85,0.65,0.19,0.84,0.65,0.84,9.4,28,2.99,17,0,5,4,1,1,7,0.75,5,0,1,0,1,0,164,230,71.3,2363,557,92,116,79.3,52,67,77.6,9,16,56.3,3,1.7,1.1,1.3,9,19,2,1,23,0,15,10,0,7,6,4,1,0,0,33,19,24,44.2,5,35,11,31.4,3.73,1.17,0.14,0.45,12.6,0,0,0,0.17,-1.1,-1.1,7,4,0,5,2,4,16,25.0,12,6,0,6,6,13,5,0,47,32.3,10,68,2,8,20,3,2.28,23,7,16,1.71,0.38,22.2,7.3,15.0,1.6,0.33,352,4,25,139,195,73,352,27,10,37.0,16,59.3,194,1224,632,31,20,18,28,18,243,67
1392,Will Lankshear,ENG,Attaquant,Tottenham,Premier League,19,2005,3,0,11,0.1,0,0,0,0,0,0,0,0,0.0,0.0,0.0,0.0,0,0,1,0.0,0.0,0.0,0.0,0.0,0.0,0.0,0.0,0.0,0.0,0.1,0,0.0,0,0,0,0,0,0,0,0.0,0,0,0,0,0,0,0,1,0.0,0,0,0,1,0.0,0,0,0.0,0,0,0.0,0,0.0,0.0,0.0,0,0,0,0,0,0,2,0,0,0,0,0,0,0,0,0,0,0,0.0,0,0,0,0.0,0.0,0.0,0.0,0.0,0.0,0,0,0,0.0,0.0,0.0,0,0,0,0,0,0,0,0.0,0,0,0,0,0,0,0,0,4,0.4,0,0,0,3,4,12,1.33,0,0,0,0.0,-0.42,0.5,0.0,0.5,4.19,4.25,3,0,0,2,1,0,3,0,0,0.0,0,0.0,3,3,0,0,0,0,2,0,3,1
1440,Jesper Lindstrøm,DEN,Attaquant,Everton,Premier League,25,2000,25,15,1239,13.8,0,1,1,0,0,0,2,0,2.1,2.1,2.0,4.1,30,25,81,0.0,0.07,0.07,0.0,0.07,0.15,0.15,0.3,0.15,0.3,13.8,46,3.35,30,7,2,3,3,1,1,0.07,1,0,0,0,0,0,297,428,69.4,4593,1335,194,225,86.2,65,99,65.7,29,65,44.6,1,2.0,2.0,-1.0,19,18,12,7,25,0,15,10,1,71,12,25,0,0,0,70,6,12,33.3,0,28,10,35.7,2.03,0.73,0.0,0.0,21.0,6,0,0,0.08,-2.1,-2.1,45,25,24,19,2,19,55,34.5,36,15,3,12,12,57,17,0,50,47.5,15,67,1,10,23,3,1.2,15,14,1,0.07,0.4,17.4,13.2,4.2,0.31,0.85,625,22,127,206,303,40,625,43,8,18.6,31,72.1,302,1627,780,30,19,7,31,24,347,81
1503,Noni Madueke,ENG,Attaquant,Chelsea,Premier League,23,2002,23,19,1453,16.1,7,3,10,7,0,0,3,0,7.6,7.6,3.6,11.2,110,53,179,0.43,0.19,0.62,0.43,0.62,0.47,0.22,0.69,0.47,0.69,16.1,61,3.78,44,0,8,5,3,1,8,0.5,5,0,0,1,1,1,380,486,78.2,5534,1368,241,276,87.3,106,140,75.7,19,32,59.4,3,3.6,2.5,-0.6,24,10,29,6,53,0,17,18,3,46,7,11,0,0,0,60,9,11,45.0,7,64,25,39.1,3.96,1.55,0.11,0.28,14.7,0,0,0,0.12,-0.6,-0.6,16,11,7,8,1,11,29,37.9,18,11,0,11,7,23,9,0,63,55.7,19,74,4,4,11,1,1.87,31,23,8,0.5,-0.13,35.0,23.2,11.8,0.73,0.37,703,13,71,191,453,138,703,69,27,39.1,36,52.2,475,3979,2500,110,39,66,38,23,544,179
1530,Donyell Malen,NED,Attaquant,Aston Villa,Premier League,26,1999,6,1,170,1.9,0,0,0,0,0,0,0,0,0.6,0.6,0.0,0.6,5,3,14,0.0,0.0,0.0,0.0,0.0,0.3,0.02,0.32,0.3,0.32,1.9,3,1.58,2,0,1,0,0,0,0,0.0,0,0,0,0,0,0,30,42,71.4,387,69,20,24,83.3,7,10,70.0,2,2,100.0,0,0.0,0.0,0.0,1,1,1,0,3,0,0,2,2,3,0,2,0,0,0,4,1,3,25.0,0,7,4,57.1,3.71,2.12,0.0,0.0,17.6,0,0,0,0.08,-0.6,-0.6,5,2,3,1,1,1,2,50.0,1,0,0,0,0,5,0,0,28,6.5,1,62,0,5,22,2,1.5,1,3,-2,-1.06,-0.99,2.3,1.8,0.5,0.29,0.26,70,1,5,20,49,12,70,6,2,33.3,3,50.0,38,308,157,5,3,2,4,5,41,14
1584,Gabriel Martinelli,BRA,Attaquant,Arsenal,Premier League,23,2001,24,17,1569,17.4,6,3,9,6,0,0,1,0,4.5,4.5,3.0,7.5,87,32,199,0.34,0.17,0.52,0.34,0.52,0.26,0.17,0.43,0.26,0.43,17.4,45,2.58,37,1,5,1,1,0,4,0.23,3,0,1,0,0,0,333,477,69.8,4823,1034,213,263,81.0,92,137,67.2,19,35,54.3,3,3.0,3.3,0.0,27,6,24,10,32,0,13,14,7,63,3,13,0,0,0,62,13,22,37.1,6,32,16,50.0,1.84,0.92,0.19,0.38,12.5,0,0,0,0.14,1.5,1.5,18,13,6,5,7,6,20,30.0,14,10,0,10,3,21,13,0,65,60.1,17,80,5,7,31,2,2.0,32,15,17,0.98,-0.06,25.0,16.5,8.5,0.49,-0.49,694,12,73,190,442,124,694,93,27,29.0,50,53.8,451,3377,1785,87,26,39,38,29,510,199
1610,Jean-Philippe Mateta,FRA,Attaquant,Crystal Palace,Premier League,27,1997,27,25,2132,23.7,12,2,14,10,2,2,2,0,11.3,9.7,3.0,12.7,31,42,100,0.51,0.08,0.59,0.42,0.51,0.48,0.13,0.6,0.41,0.53,23.7,51,2.15,36,0,3,9,3,0,7,0.3,3,0,2,2,0,0,240,369,65.0,3183,844,147,192,76.6,68,111,61.3,6,18,33.3,2,3.0,2.1,-1.0,26,28,14,1,42,0,23,22,14,22,2,10,0,0,0,56,52,88,37.1,12,52,21,40.4,2.2,0.89,0.19,0.48,15.1,0,2,2,0.19,0.7,0.3,14,10,4,8,2,3,14,21.4,11,14,3,11,2,16,20,0,79,84.6,25,83,17,2,28,0,1.33,33,28,5,0.21,0.67,36.8,29.0,7.8,0.33,0.1,599,24,51,287,275,78,597,37,15,40.5,18,48.6,310,1620,782,31,18,7,53,37,438,100
1618,Stephy Mavididi,ENG,Attaquant,Leicester City,Premier League,26,1998,27,14,1397,15.5,3,1,4,3,0,0,2,0,1.6,1.6,2.4,4.0,75,53,118,0.19,0.06,0.26,0.19,0.26,0.1,0.16,0.26,0.1,0.26,15.5,45,2.9,37,2,4,2,0,0,7,0.45,6,0,1,0,0,0,403,539,74.8,5534,1335,244,268,91.0,113,168,67.3,17,40,42.5,1,2.4,3.2,-1.4,19,30,24,7,53,0,16,14,2,64,10,15,0,0,0,74,9,14,39.1,3,22,6,27.3,1.42,0.39,0.14,0.5,15.8,1,0,0,0.07,1.4,1.4,29,15,15,9,5,10,35,28.6,25,22,2,20,10,39,12,0,52,53.5,14,81,3,13,21,2,0.52,16,35,-19,-1.22,0.33,15.9,29.3,-13.4,-0.86,0.2,759,21,116,291,367,51,759,84,30,35.7,44,52.4,515,3809,2051,75,34,21,36,34,546,118
1631,Bryan Mbeumo,CMR,Attaquant,Brentford,Premier League,25,1999,29,29,2604,28.9,15,5,20,11,4,4,2,0,9.0,5.8,6.7,12.5,99,109,276,0.52,0.17,0.69,0.38,0.55,0.31,0.23,0.54,0.2,0.43,28.9,111,3.84,80,15,9,4,3,0,14,0.48,8,2,2,2,0,0,676,1006,67.2,10743,3224,368,462,79.7,247,334,74.0,47,133,35.3,5,6.7,6.9,-1.7,52,42,48,14,109,0,17,31,10,150,12,20,0,0,0,120,28,59,32.2,15,58,27,46.6,2.0,0.93,0.19,0.41,17.5,6,4,4,0.1,6.0,5.2,34,20,13,11,10,13,20,65.0,7,20,3,17,12,46,42,0,90,99.8,29,90,26,0,0,0,1.41,50,43,7,0.24,30.24,44.2,44.4,-0.2,-0.01,4.29,1350,44,193,426,755,118,1346,79,37,46.8,33,41.8,808,5203,2740,99,56,58,75,37,914,276
1633,Kasey McAteer,IRL,Attaquant,Leicester City,Premier League,23,2001,12,4,395,4.4,0,1,1,0,0,0,1,0,0.6,0.6,0.4,0.9,13,8,36,0.0,0.23,0.23,0.0,0.23,0.13,0.08,0.21,0.13,0.21,4.4,12,2.73,11,0,0,0,1,0,1,0.23,1,0,0,0,0,0,98,141,69.5,1365,321,65,76,85.5,27,40,67.5,4,8,50.0,1,0.4,0.2,0.6,5,6,3,1,8,0,9,10,2,13,2,8,0,0,0,24,9,12,42.9,0,6,2,33.3,1.37,0.46,0.0,0.0,15.8,0,0,0,0.09,-0.6,-0.6,11,8,6,4,1,6,14,42.9,8,8,1,7,2,13,10,0,33,15.1,4,74,1,8,13,2,0.5,3,9,-6,-1.37,0.01,4.4,10.1,-5.6,-1.28,-0.38,200,15,47,77,82,16,200,9,1,11.1,5,55.6,116,795,387,13,8,6,6,4,132,36
1693,Yankuba Minteh,GAM,Attaquant,Brighton,Premier League,20,2004,24,13,1266,14.1,5,3,8,5,0,0,6,0,3.3,3.3,4.0,7.3,57,27,136,0.36,0.21,0.57,0.36,0.57,0.23,0.28,0.52,0.23,0.52,14.1,43,3.06,22,8,10,1,1,1,8,0.57,3,0,4,1,0,0,227,377,60.2,3707,1285,122,164,74.4,77,115,67.0,21,52,40.4,3,4.0,3.6,-1.0,22,10,20,5,27,0,15,8,4,66,10,27,0,0,0,63,13,24,35.1,5,26,13,50.0,1.85,0.92,0.19,0.38,14.3,0,0,0,0.13,1.7,1.7,37,27,20,10,7,15,41,36.6,26,16,0,16,10,47,22,0,53,48.5,13,78,3,11,23,0,1.54,24,22,2,0.14,-0.13,23.9,17.6,6.3,0.45,0.7,578,23,105,162,328,99,578,76,37,48.7,32,42.1,315,2352,1428,57,15,44,37,16,323,136
1699,Kaoru Mitoma,JPN,Attaquant,Brighton,Premier League,27,1997,29,26,2315,25.7,7,3,10,7,0,0,1,0,7.3,7.3,4.3,11.6,127,75,258,0.27,0.12,0.39,0.27,0.39,0.28,0.17,0.45,0.28,0.45,25.7,77,2.99,64,0,5,3,4,1,8,0.31,7,0,0,0,1,0,642,849,75.6,8425,1905,431,499,86.4,160,225,71.1,22,48,45.8,3,4.3,3.7,-1.3,33,30,31,8,75,0,34,21,5,63,12,20,0,0,0,80,23,25,47.9,7,47,21,44.7,1.83,0.82,0.15,0.33,13.9,0,0,0,0.16,-0.3,-0.3,36,20,13,13,10,15,41,36.6,26,42,3,39,12,48,9,0,80,88.7,26,85,13,3,31,0,1.62,42,33,9,0.35,1.27,37.4,33.7,3.7,0.15,0.5,1177,14,136,410,655,144,1177,115,44,38.3,66,57.4,708,5677,3318,127,69,51,45,20,830,258
1715,Mikey Moore,ENG,Attaquant,Tottenham,Premier League,17,2007,7,2,185,2.1,0,1,1,0,0,0,0,0,0.2,0.2,0.3,0.5,9,7,30,0.0,0.49,0.49,0.0,0.49,0.1,0.16,0.26,0.1,0.26,2.1,10,4.86,6,2,0,1,1,0,2,0.97,1,0,0,1,0,0,48,67,71.6,593,166,30,31,96.8,13,20,65.0,1,5,20.0,1,0.3,0.5,0.7,3,1,5,1,7,0,3,4,2,12,1,0,0,0,0,5,1,4,20.0,0,3,0,0.0,1.46,0.0,0.0,0.0,19.5,0,0,0,0.07,-0.2,-0.2,0,0,0,0,0,0,1,0.0,1,1,0,1,1,1,1,0,26,7.1,2,53,0,5,16,5,1.29,4,1,3,1.46,1.13,3.5,1.9,1.6,0.78,0.88,96,1,10,22,65,12,96,11,1,9.1,9,81.8,68,521,239,9,3,4,6,4,73,30
1742,Divin Mubama,ENG,Attaquant,Manchester City,Premier League,20,2004,1,0,28,0.3,0,0,0,0,0,0,0,0,0.0,0.0,0.0,0.0,0,1,0,0.0,0.0,0.0,0.0,0.0,0.12,0.0,0.12,0.12,0.12,0.3,0,0.0,0,0,0,0,0,0,0,0.0,0,0,0,0,0,0,2,3,66.7,44,18,1,1,100.0,0,0,0.0,1,1,100.0,0,0.0,0.0,0.0,0,0,0,0,1,0,0,0,0,0,0,0,0,0,0,1,0,1,0.0,0,1,0,0.0,3.21,0.0,0.0,0.0,17.2,0,0,0,0.04,0.0,0.0,0,0,0,0,0,0,0,0.0,0,0,0,0,0,0,0,0,28,1.1,0,0,0,1,28,4,3.0,1,0,1,3.21,2.73,0.6,0.0,0.6,1.97,1.57,5,0,0,2,3,1,5,0,0,0.0,0,0.0,2,14,0,0,0,0,0,1,3,0
1743,Mykhailo Mudryk,UKR,Attaquant,Chelsea,Premier League,24,2001,7,1,151,1.7,0,0,0,0,0,0,0,0,0.3,0.3,1.0,1.2,7,5,12,0.0,0.0,0.0,0.0,0.0,0.15,0.58,0.73,0.15,0.73,1.7,6,3.6,4,1,0,0,1,0,0,0.0,0,0,0,0,0,0,28,42,66.7,431,165,17,24,70.8,10,15,66.7,1,2,50.0,0,1.0,0.5,-1.0,2,2,2,1,5,0,2,2,1,7,0,2,0,0,0,9,2,4,33.3,0,1,1,100.0,0.6,0.6,0.0,0.0,11.6,0,0,0,0.25,-0.3,-0.3,2,2,2,0,0,0,0,0.0,0,3,1,2,0,2,1,0,22,5.8,1,45,0,6,18,5,1.86,4,2,2,1.19,0.68,3.0,3.7,-0.7,-0.41,-1.03,62,3,12,15,38,6,62,8,3,37.5,5,62.5,39,468,227,7,8,0,3,7,42,12
1753,Rodrigo Muniz,BRA,Attaquant,Fulham,Premier League,23,2001,28,6,819,9.1,6,1,7,6,0,0,1,0,4.7,4.7,0.7,5.4,4,23,29,0.66,0.11,0.77,0.66,0.77,0.52,0.08,0.6,0.52,0.6,9.1,12,1.32,8,0,1,1,1,1,1,0.11,1,0,0,0,0,0,82,125,65.6,1347,434,40,59,67.8,28,39,71.8,10,12,83.3,1,0.7,0.2,0.3,7,11,3,0,23,0,11,25,2,1,5,4,0,0,0,11,58,58,50.0,6,31,15,48.4,3.41,1.65,0.19,0.4,12.3,0,0,0,0.15,1.3,1.3,9,4,3,4,2,4,4,100.0,0,9,2,7,5,14,12,0,29,31.4,6,74,0,22,17,1,1.61,21,14,7,0.77,0.87,14.6,12.5,2.2,0.24,0.01,274,12,25,141,112,45,274,14,5,35.7,6,42.9,136,571,154,4,4,1,42,20,206,29
1762,Jacob Murphy,ENG,Attaquant,Newcastle Utd,Premier League,30,1995,25,21,1680,18.7,5,8,13,5,0,0,3,0,3.8,3.8,6.3,10.1,57,56,152,0.27,0.43,0.7,0.27,0.7,0.2,0.34,0.54,0.2,0.54,18.7,54,2.9,41,4,3,2,2,2,9,0.48,9,0,0,0,0,0,478,692,69.1,7128,2327,293,349,84.0,142,216,65.7,31,72,43.1,8,6.3,3.7,1.7,27,39,27,8,56,0,9,8,2,75,11,12,0,0,0,71,3,11,21.4,5,32,12,37.5,1.71,0.64,0.16,0.42,18.1,0,0,0,0.12,1.2,1.2,19,12,7,7,5,14,24,58.3,10,26,0,26,11,30,19,1,67,66.7,21,74,5,4,30,2,1.6,36,24,12,0.64,0.96,35.0,20.6,14.4,0.77,1.15,889,13,131,339,427,62,889,46,22,47.8,22,47.8,532,3168,1671,57,25,21,24,30,639,152
1795,Iliman Ndiaye,SEN,Attaquant,Everton,Premier League,25,2000,24,22,1877,20.9,6,0,6,5,1,1,3,0,3.6,2.8,1.5,4.3,71,38,95,0.29,0.0,0.29,0.24,0.24,0.17,0.07,0.25,0.13,0.21,20.9,53,2.54,40,0,7,0,6,0,5,0.24,3,0,1,0,1,0,457,565,80.9,7012,1459,258,304,84.9,155,180,86.1,33,46,71.7,0,1.5,1.0,-1.5,16,31,13,5,38,0,17,41,5,32,17,22,0,0,0,145,4,14,22.2,6,24,10,41.7,1.15,0.48,0.21,0.5,16.5,0,1,1,0.12,2.4,2.2,44,22,18,13,13,18,43,41.9,25,21,4,17,17,61,19,1,78,71.9,22,83,13,2,31,0,1.13,24,20,4,0.19,1.17,21.4,24.2,-2.8,-0.14,0.01,840,29,178,347,362,65,839,123,58,47.2,56,45.5,483,3901,1952,71,37,27,43,35,509,95
1808,Reiss Nelson,ENG,Attaquant,Arsenal,Premier League,25,1999,1,0,3,0.0,0,0,0,0,0,0,0,0,0.0,0.0,0.0,0.0,0,0,0,0.0,0.0,0.0,0.0,0.0,0.0,0.0,0.0,0.0,0.0,0.0,0,0.0,0,0,0,0,0,0,0,0.0,0,0,0,0,0,0,0,0,0.0,0,0,0,0,0.0,0,0,0.0,0,0,0.0,0,0.0,0.0,0.0,0,0,0,0,0,0,1,1,0,0,0,0,0,0,0,0,0,0,0.0,0,0,0,0.0,0.0,0.0,0.0,0.0,0.0,0,0,0,0.0,0.0,0.0,1,0,0,1,0,0,1,0.0,1,0,0,0,0,1,1,0,3,0.1,0,0,0,1,3,1,3.0,0,0,0,0.0,-1.0,0.0,0.0,0.0,0.1,-0.58,2,0,1,1,0,0,2,0,0,0.0,0,0.0,1,4,4,0,0,0,0,0,1,0
1809,Reiss Nelson,ENG,Attaquant,Fulham,Premier League,25,1999,11,5,487,5.4,1,1,2,1,0,0,1,0,1.1,1.1,1.0,2.1,45,35,63,0.18,0.18,0.37,0.18,0.37,0.2,0.18,0.39,0.2,0.39,5.4,31,5.73,21,2,3,4,0,1,1,0.18,1,0,0,0,0,0,232,268,86.6,3429,761,136,147,92.5,77,91,84.6,12,19,63.2,1,1.0,1.0,0.0,13,7,15,3,35,0,6,9,1,23,5,6,0,0,0,29,0,4,0.0,1,12,6,50.0,2.22,1.11,0.08,0.17,15.4,0,0,0,0.09,-0.1,-0.1,8,6,3,3,2,5,13,38.5,8,11,0,11,5,13,2,0,44,18.7,5,73,0,6,21,0,1.64,5,9,-4,-0.74,-1.12,7.6,6.2,1.4,0.26,0.03,347,5,30,110,212,35,347,35,13,37.1,13,37.1,259,1956,960,45,25,21,14,8,274,63
1814,Pedro Neto,POR,Attaquant,Chelsea,Premier League,25,2000,26,16,1531,17.0,3,4,7,3,0,0,7,0,2.0,2.0,4.3,6.4,91,39,147,0.18,0.24,0.41,0.18,0.41,0.12,0.25,0.37,0.12,0.37,17.0,60,3.53,46,4,5,3,2,0,7,0.41,4,1,2,0,0,0,459,588,78.1,7256,1397,236,257,91.8,170,206,82.5,34,77,44.2,4,4.3,3.3,-0.3,31,15,21,11,39,0,16,22,3,83,7,8,0,0,0,57,9,20,31.0,3,37,10,27.0,2.18,0.59,0.08,0.3,18.2,0,0,0,0.06,1.0,1.0,15,8,5,8,2,6,15,40.0,9,10,1,9,7,22,3,0,59,58.7,16,79,9,10,27,1,1.54,29,19,10,0.59,0.09,27.8,21.5,6.3,0.37,-0.47,767,6,70,235,473,82,767,78,24,30.8,36,46.2,502,4283,2211,91,43,35,31,21,563,147
1839,Christopher Nkunku,FRA,Attaquant,Chelsea,Premier League,27,1997,25,8,872,9.7,3,2,5,3,0,0,2,0,4.7,4.6,2.0,6.6,16,25,64,0.31,0.21,0.52,0.31,0.52,0.48,0.21,0.69,0.48,0.69,9.7,33,3.4,20,0,5,5,1,2,4,0.41,1,0,1,1,1,0,285,319,89.3,3793,738,174,191,91.1,93,101,92.1,6,6,100.0,2,2.0,1.0,0.0,13,24,7,0,25,0,14,11,2,4,7,8,0,0,0,27,14,21,40.0,3,24,11,45.8,2.48,1.14,0.13,0.27,12.9,0,0,0,0.19,-1.7,-1.6,12,8,3,4,5,6,8,75.0,2,9,2,7,7,19,10,0,35,33.4,8,78,2,17,15,4,1.72,16,16,0,0.0,-0.83,20.6,15.4,5.2,0.54,-0.04,428,10,50,171,209,50,428,25,9,36.0,13,52.0,264,1296,580,16,14,12,16,14,336,64
1851,Darwin Núñez,URU,Attaquant,Liverpool,Premier League,25,1999,23,8,970,10.8,5,2,7,5,0,0,7,0,5.0,5.0,1.1,6.1,20,21,64,0.46,0.19,0.65,0.46,0.65,0.46,0.1,0.56,0.46,0.56,10.8,23,2.13,14,0,4,1,2,2,4,0.37,3,0,0,0,1,0,134,190,70.5,2018,492,72,89,80.9,42,57,73.7,11,15,73.3,2,1.1,0.4,0.9,8,9,0,0,21,0,25,14,10,2,3,15,1,0,0,35,15,29,34.1,5,30,12,40.0,2.78,1.11,0.17,0.42,13.7,0,0,0,0.17,0.0,0.0,18,15,10,3,5,5,15,33.3,10,6,0,6,3,21,12,0,42,37.2,8,78,2,15,23,4,2.35,26,17,9,0.84,-0.98,23.1,12.5,10.7,0.99,-0.61,309,10,42,103,174,60,309,21,8,38.1,12,57.1,167,911,484,20,16,10,20,17,202,64
1854,Ethan Nwaneri,ENG,Attaquant,Arsenal,Premier League,18,2007,19,7,606,6.7,3,1,4,3,0,0,1,0,0.8,0.8,0.8,1.6,35,24,84,0.45,0.15,0.59,0.45,0.59,0.12,0.12,0.24,0.12,0.24,6.7,16,2.37,8,2,3,2,1,0,2,0.3,2,0,0,0,0,0,219,279,78.5,3147,904,140,153,91.5,57,78,73.1,13,26,50.0,1,0.8,1.2,0.2,8,12,9,4,24,0,6,4,3,40,1,6,0,0,0,29,3,6,33.3,3,17,6,35.3,2.52,0.89,0.18,0.5,19.8,1,0,0,0.05,2.2,2.2,9,6,4,2,3,5,14,35.7,9,7,1,6,1,10,2,1,32,23.2,7,67,1,12,11,8,1.89,10,3,7,1.04,0.05,9.0,4.0,5.0,0.75,0.09,361,2,37,123,204,26,361,44,26,59.1,13,29.5,250,1992,978,35,16,13,14,15,267,84
1865,Chidozie Obi-Martin,DEN,Attaquant,Manchester Utd,Premier League,17,2007,3,0,28,0.3,0,0,0,0,0,0,1,0,0.0,0.0,0.0,0.0,1,1,2,0.0,0.0,0.0,0.0,0.0,0.0,0.0,0.0,0.0,0.0,0.3,0,0.0,0,0,0,0,0,0,0,0.0,0,0,0,0,0,0,6,8,75.0,99,30,2,2,100.0,3,4,75.0,1,2,50.0,0,0.0,0.0,0.0,0,1,0,0,1,0,0,0,0,0,0,0,0,0,0,7,1,1,50.0,0,0,0,0.0,0.0,0.0,0.0,0.0,0.0,0,0,0,0.0,0.0,0.0,0,0,0,0,0,0,0,0.0,0,0,0,0,0,0,1,0,9,1.1,0,0,0,3,9,2,1.33,3,0,3,9.64,9.85,0.5,0.4,0.0,0.13,0.32,16,1,4,7,5,1,16,1,0,0.0,1,100.0,7,47,26,1,0,0,2,1,9,2
1869,Wilson Odobert,FRA,Attaquant,Tottenham,Premier League,20,2004,8,4,353,3.9,0,0,0,0,0,0,0,0,0.7,0.7,0.1,0.7,25,14,35,0.0,0.0,0.0,0.0,0.0,0.17,0.02,0.19,0.17,0.19,3.9,6,1.53,4,0,0,2,0,0,0,0.0,0,0,0,0,0,0,108,142,76.1,1469,247,73,79,92.4,28,39,71.8,4,7,57.1,0,0.1,0.2,-0.1,3,4,7,2,14,0,0,3,0,10,1,2,0,0,0,21,3,2,60.0,0,9,1,11.1,2.29,0.25,0.0,0.0,16.5,0,0,0,0.07,-0.7,-0.7,5,2,2,2,1,4,6,66.7,2,2,0,2,1,6,1,1,44,13.5,4,74,1,4,15,0,1.25,7,6,1,0.25,-0.18,5.5,6.6,-1.1,-0.29,-0.29,201,3,19,74,109,25,201,22,8,36.4,12,54.5,149,1157,654,25,13,14,13,8,152,35
1872,Chiedozie Ogbene,IRL,Attaquant,Ipswich Town,Premier League,27,1997,5,3,238,2.6,0,0,0,0,0,0,0,0,0.0,0.0,0.1,0.1,7,0,15,0.0,0.0,0.0,0.0,0.0,0.0,0.03,0.03,0.0,0.03,2.6,3,1.13,2,0,0,0,1,0,0,0.0,0,0,0,0,0,0,32,43,74.4,415,27,20,24,83.3,8,10,80.0,1,1,100.0,0,0.1,0.0,-0.1,2,0,0,0,0,0,2,7,1,4,1,3,0,0,0,6,1,6,14.3,0,0,0,0.0,0.0,0.0,0.0,0.0,0.0,0,0,0,0.0,0.0,0.0,7,3,1,2,4,2,4,50.0,2,1,0,1,1,8,3,0,48,9.1,3,63,0,2,25,2,0.6,4,3,1,0.38,1.71,1.7,2.3,-0.6,-0.24,0.88,70,3,11,19,40,6,70,7,1,14.3,3,42.9,41,330,139,7,2,2,4,2,43,15
1902,Paul Onuachu,NGA,Attaquant,Southampton,Premier League,30,1994,19,8,764,8.5,3,1,4,3,0,0,3,0,2.8,2.8,0.5,3.3,6,11,27,0.35,0.12,0.47,0.35,0.47,0.33,0.06,0.39,0.33,0.39,8.5,9,1.06,8,0,0,1,0,0,1,0.12,1,0,0,0,0,0,126,203,62.1,1851,295,68,106,64.2,34,54,63.0,11,17,64.7,1,0.5,0.3,0.5,8,12,2,0,11,0,23,12,7,0,1,2,0,0,0,13,76,45,62.8,3,25,12,48.0,2.95,1.41,0.12,0.25,10.3,0,0,0,0.11,0.2,0.2,6,2,1,4,1,2,5,40.0,3,5,1,4,1,7,11,0,40,29.3,8,73,4,11,16,2,0.37,9,23,-14,-1.65,0.06,8.6,19.7,-11.2,-1.32,0.11,330,11,32,180,120,48,330,21,7,33.3,10,47.6,155,635,197,6,3,2,34,27,270,27
1924,William Osula,DEN,Attaquant,Newcastle Utd,Premier League,21,2003,10,0,71,0.8,0,0,0,0,0,0,0,0,0.0,0.0,0.1,0.1,1,1,6,0.0,0.0,0.0,0.0,0.0,0.0,0.11,0.11,0.0,0.11,0.8,1,1.27,1,0,0,0,0,0,0,0.0,0,0,0,0,0,0,3,7,42.9,41,19,1,4,25.0,1,2,50.0,0,0,0.0,0,0.1,0.0,-0.1,1,0,1,0,1,0,1,1,1,0,1,0,0,0,0,1,2,0,100.0,0,0,0,0.0,0.0,0.0,0.0,0.0,0.0,0,0,0,0.0,0.0,0.0,1,0,0,0,1,0,1,0.0,1,0,0,0,1,2,1,0,7,2.8,0,0,0,10,7,18,1.2,0,3,-3,-3.8,-4.24,1.0,2.5,-1.5,-1.91,-2.36,19,1,1,10,8,2,19,2,1,50.0,1,50.0,11,59,14,1,1,0,3,4,11,6
1927,Dango Ouattara,BFA,Attaquant,Bournemouth,Premier League,23,2002,26,15,1518,16.9,7,4,11,7,0,0,1,0,7.2,7.2,4.5,11.7,58,31,154,0.42,0.24,0.65,0.42,0.65,0.42,0.27,0.69,0.42,0.69,16.9,55,3.26,44,0,1,9,0,1,6,0.36,4,0,1,1,0,0,275,451,61.0,4349,1264,155,213,72.8,99,155,63.9,17,46,37.0,4,4.5,2.7,-0.5,26,13,20,8,31,0,12,11,13,64,7,23,0,0,0,67,31,47,39.7,7,48,17,35.4,2.85,1.01,0.15,0.41,12.7,0,0,0,0.15,-0.2,-0.2,29,23,10,10,9,15,33,45.5,18,26,8,18,7,36,39,0,58,58.2,15,81,5,11,27,0,1.58,31,17,14,0.83,0.99,29.5,24.7,4.8,0.29,-0.48,713,46,123,225,379,101,713,57,26,45.6,27,47.4,358,2622,1264,58,23,31,47,27,426,154
2031,Jaden Philogene Bidace,ENG,Attaquant,Aston Villa,Premier League,23,2002,11,2,332,3.7,0,0,0,0,0,0,4,1,0.5,0.5,0.3,0.8,7,4,17,0.0,0.0,0.0,0.0,0.0,0.13,0.08,0.2,0.13,0.2,3.7,5,1.36,3,0,0,0,1,1,0,0.0,0,0,0,0,0,0,63,86,73.3,850,161,40,49,81.6,18,21,85.7,2,3,66.7,0,0.3,0.2,-0.3,1,1,3,0,4,1,12,8,1,4,3,5,0,0,0,21,0,5,0.0,0,7,0,0.0,1.9,0.0,0.0,0.0,16.0,0,0,0,0.07,-0.5,-0.5,11,5,4,7,0,4,6,66.7,2,5,0,5,3,14,2,1,30,12.7,2,78,1,9,20,3,1.64,2,5,-3,-0.81,-0.77,4.7,4.7,0.0,-0.01,-0.06,145,4,27,54,66,14,145,15,4,26.7,8,53.3,75,520,239,7,5,7,7,3,83,17
2032,Jaden Philogene Bidace,ENG,Attaquant,Ipswich Town,Premier League,23,2002,7,5,458,5.1,2,0,2,2,0,0,0,0,1.9,1.9,0.2,2.1,13,10,34,0.39,0.0,0.39,0.39,0.39,0.37,0.05,0.42,0.37,0.42,5.1,9,1.76,6,0,1,1,1,0,0,0.0,0,0,0,0,0,0,94,129,72.9,1522,407,53,63,84.1,30,41,73.2,6,12,50.0,0,0.2,0.2,-0.2,5,7,4,3,10,0,6,9,1,13,10,7,0,0,0,23,5,3,62.5,2,11,5,45.5,2.16,0.98,0.18,0.4,16.5,0,0,0,0.18,0.1,0.1,14,7,6,6,2,8,15,53.3,7,10,1,9,10,24,9,1,65,17.5,5,81,2,2,28,1,0.0,3,16,-13,-2.55,-1.68,4.5,8.5,-4.0,-0.79,0.31,214,10,52,64,100,17,214,18,5,27.8,11,61.1,125,856,302,13,3,5,10,10,130,34
2087,Jacob Ramsey,ENG,Attaquant,Aston Villa,Premier League,23,2001,21,15,1248,13.9,1,3,4,1,0,0,1,0,1.3,1.3,1.8,3.1,49,58,84,0.07,0.22,0.29,0.07,0.29,0.09,0.13,0.22,0.09,0.22,13.9,42,3.03,32,0,4,1,5,0,6,0.43,6,0,0,0,0,0,393,464,84.7,5124,1237,277,301,92.0,92,112,82.1,11,16,68.8,3,1.8,1.8,1.2,13,24,18,1,58,0,11,21,5,9,7,11,0,0,0,57,6,9,40.0,1,15,4,26.7,1.08,0.29,0.07,0.25,16.0,0,0,0,0.09,-0.3,-0.3,20,11,10,8,2,7,15,46.7,8,18,3,15,7,27,6,1,59,47.8,15,68,2,6,38,0,1.62,20,23,-3,-0.22,-0.15,17.7,19.8,-2.1,-0.15,-0.37,594,10,107,219,277,52,594,35,20,57.1,9,25.7,392,2646,1343,49,26,14,32,17,458,84
2092,Marcus Rashford,ENG,Attaquant,Manchester Utd,Premier League,27,1997,15,12,978,10.9,4,1,5,4,0,0,2,0,1.7,1.7,2.1,3.8,20,21,79,0.37,0.09,0.46,0.37,0.46,0.16,0.19,0.35,0.16,0.35,10.9,29,2.67,24,1,2,2,0,0,1,0.09,1,0,0,0,0,0,253,343,73.8,3508,868,168,201,83.6,56,85,65.9,14,28,50.0,1,2.1,1.4,-1.1,15,13,16,8,21,0,8,7,7,27,4,4,0,0,0,24,5,7,41.7,4,16,9,56.3,1.47,0.83,0.25,0.44,16.4,0,0,0,0.11,2.3,2.3,7,4,2,2,3,3,9,33.3,6,8,0,8,4,11,7,0,65,37.5,12,74,4,3,31,1,1.27,15,9,6,0.55,1.05,15.2,14.5,0.7,0.06,0.4,440,3,35,189,222,34,440,39,9,23.1,26,66.7,293,1694,728,20,19,12,14,6,341,79
2093,Marcus Rashford,ENG,Attaquant,Aston Villa,Premier League,27,1997,5,1,202,2.2,0,2,2,0,0,0,0,0,0.3,0.3,1.9,2.1,13,10,32,0.0,0.89,0.89,0.0,0.89,0.12,0.83,0.95,0.12,0.95,2.2,17,7.57,10,1,3,1,2,0,3,1.34,2,0,0,1,0,0,72,104,69.2,1025,239,44,52,84.6,20,29,69.0,4,13,30.8,2,1.9,1.8,0.1,7,0,8,2,10,0,0,2,1,17,0,3,0,0,0,8,1,0,100.0,0,7,1,14.3,3.12,0.45,0.0,0.0,20.8,1,0,0,0.04,-0.3,-0.3,6,3,0,1,5,2,3,66.7,1,2,0,2,0,6,3,0,40,7.7,1,66,0,4,34,0,1.6,5,5,0,0.0,0.15,4.0,4.8,-0.9,-0.39,-0.46,139,2,10,31,99,14,139,16,8,50.0,8,50.0,85,544,320,13,5,7,3,1,99,32
2104,Remy Rees-Dottin,ENG,Attaquant,Bournemouth,Premier League,19,2006,1,0,1,0.0,0,0,0,0,0,0,0,0,0.0,0.0,0.0,0.0,0,0,0,0.0,0.0,0.0,0.0,0.0,0.0,0.0,0.0,0.0,0.0,0.0,0,0.0,0,0,0,0,0,0,0,0.0,0,0,0,0,0,0,0,0,0.0,0,0,0,0,0.0,0,0,0.0,0,0,0.0,0,0.0,0.0,0.0,0,0,0,0,0,0,0,0,0,0,0,0,0,0,0,0,0,0,0.0,0,0,0,0.0,0.0,0.0,0.0,0.0,0.0,0,0,0,0.0,0.0,0.0,0,0,0,0,0,0,0,0.0,0,0,0,0,0,0,0,0,1,0.0,0,0,0,1,1,6,3.0,0,0,0,0.0,-0.41,0.0,0.0,0.0,0.0,-0.49,0,0,0,0,0,0,0,0,0,0.0,0,0.0,0,0,0,0,0,0,0,0,0,0
2106,Bobby Reid,JAM,Attaquant,Leicester City,Premier League,32,1993,20,7,639,7.1,1,2,3,1,0,0,2,0,0.8,0.8,1.2,2.0,12,14,40,0.14,0.28,0.42,0.14,0.42,0.11,0.17,0.27,0.11,0.27,7.1,12,1.69,8,0,0,2,2,0,3,0.42,1,0,0,1,1,0,134,190,70.5,1736,527,82,101,81.2,36,47,76.6,4,14,28.6,2,1.2,0.2,0.8,6,8,5,0,14,0,8,9,3,15,0,3,1,0,0,24,5,13,27.8,1,6,3,50.0,0.85,0.42,0.17,0.33,26.4,0,0,0,0.13,0.2,0.2,8,3,3,5,0,3,13,23.1,10,6,1,5,0,8,8,0,32,24.5,7,71,0,13,11,7,0.7,9,16,-7,-0.99,0.52,6.8,12.2,-5.4,-0.76,0.26,250,13,44,105,101,13,250,8,0,0.0,6,75.0,156,706,332,12,4,4,11,9,175,40
2123,Richarlison,BRA,Attaquant,Tottenham,Premier League,27,1997,9,2,279,3.1,2,1,3,2,0,0,1,0,1.2,1.2,0.9,2.1,8,10,17,0.65,0.32,0.97,0.65,0.97,0.38,0.29,0.67,0.38,0.67,3.1,8,2.57,5,0,0,2,1,0,1,0.32,1,0,0,0,0,0,49,75,65.3,750,272,24,32,75.0,16,26,61.5,5,7,71.4,1,0.9,0.6,0.1,4,7,4,2,10,0,4,7,1,7,0,3,0,0,0,8,7,14,33.3,2,6,3,50.0,1.94,0.97,0.33,0.67,8.4,0,0,0,0.2,0.8,0.8,4,3,0,3,1,0,0,0.0,0,1,1,0,0,4,8,0,31,10.7,2,66,0,7,21,0,1.44,8,2,6,1.94,1.7,4.5,4.4,0.1,0.04,0.09,116,8,19,62,36,12,116,9,1,11.1,7,77.8,56,310,138,8,7,3,4,5,79,17
2207,Bukayo Saka,ENG,Attaquant,Arsenal,Premier League,23,2001,16,16,1268,14.1,5,10,15,4,1,1,3,0,4.2,3.4,5.8,9.2,72,53,195,0.35,0.71,1.06,0.28,0.99,0.3,0.41,0.71,0.24,0.65,14.1,89,6.32,52,17,9,8,3,0,21,1.49,12,5,2,1,1,0,406,546,74.4,6315,1918,238,265,89.8,119,163,73.0,36,77,46.8,10,5.8,5.6,4.2,42,11,28,9,53,0,13,32,3,99,2,13,1,0,0,56,8,16,33.3,5,45,17,37.8,3.19,1.21,0.09,0.24,15.9,0,1,1,0.08,0.8,0.6,22,13,5,10,7,9,19,47.4,10,16,0,16,2,24,7,0,79,48.6,16,79,7,0,0,0,2.06,30,13,17,1.21,0.4,25.4,10.7,14.7,1.04,0.7,733,6,40,163,536,115,732,73,33,45.2,29,39.7,463,3196,1846,72,19,37,24,35,526,195
2212,Mohamed Salah,EGY,Attaquant,Liverpool,Premier League,32,1992,29,29,2568,28.5,27,17,44,18,9,9,1,0,22.0,15.0,11.2,26.2,122,110,364,0.95,0.6,1.54,0.63,1.23,0.77,0.39,1.16,0.52,0.92,28.5,131,4.59,96,1,17,11,4,2,23,0.81,17,0,4,2,0,0,680,957,71.1,10276,2928,383,459,83.4,229,322,71.1,44,75,58.7,17,11.2,7.0,5.8,68,41,70,12,110,0,20,33,11,52,4,11,0,0,0,81,7,6,53.8,27,97,44,45.4,3.4,1.54,0.19,0.41,15.2,1,9,9,0.16,5.0,3.0,18,11,7,5,6,7,12,58.3,5,4,0,4,4,22,5,0,89,98.4,29,89,22,0,0,0,2.41,69,27,42,1.47,1.47,64.7,24.7,40.0,1.4,1.8,1294,10,77,397,837,280,1285,107,51,47.7,53,49.5,887,5442,2849,122,47,102,91,54,1086,364
2240,Jadon Sancho,ENG,Attaquant,Chelsea,Premier League,24,2000,23,16,1430,15.9,2,4,6,2,0,0,1,0,1.6,1.6,3.2,4.8,83,71,177,0.13,0.25,0.38,0.13,0.38,0.1,0.2,0.3,0.1,0.3,15.9,56,3.52,49,0,3,1,3,0,10,0.63,9,0,0,0,1,0,544,655,83.1,7242,1652,344,384,89.6,168,200,84.0,10,21,47.6,4,3.2,2.8,0.8,29,22,36,0,71,0,4,10,5,19,1,5,2,0,0,77,4,7,36.4,2,18,4,22.2,1.13,0.25,0.11,0.5,14.9,0,0,0,0.09,0.4,0.4,9,5,2,2,5,5,11,45.5,6,6,0,6,1,10,6,2,62,54.8,16,76,6,7,30,1,1.74,29,22,7,0.44,-0.25,29.0,20.7,8.3,0.52,-0.09,786,11,96,242,456,97,786,82,42,51.2,32,39.0,525,3614,2027,83,29,46,23,15,622,177
2265,Sávio,BRA,Attaquant,Manchester City,Premier League,20,2004,24,19,1564,17.4,1,7,8,1,0,0,3,0,4.6,4.6,5.7,10.3,125,62,214,0.06,0.4,0.46,0.06,0.46,0.27,0.33,0.6,0.27,0.6,17.4,98,5.64,69,2,14,4,7,2,14,0.81,9,0,2,1,1,1,604,753,80.2,9105,1606,367,410,89.5,197,247,79.8,31,52,59.6,7,5.7,5.5,1.3,38,16,44,8,62,0,16,24,2,76,5,13,2,0,0,70,0,2,0.0,1,51,19,37.3,2.93,1.09,0.02,0.05,17.8,1,0,0,0.09,-3.6,-3.6,19,13,4,10,5,6,15,40.0,9,13,2,11,5,24,7,1,65,59.9,19,79,7,5,13,4,1.5,30,25,5,0.29,-0.57,32.8,19.6,13.2,0.76,0.86,968,11,51,252,681,134,968,105,48,45.7,36,34.3,694,5847,3265,125,42,70,38,35,755,214
2272,Dane Scarlett,ENG,Attaquant,Tottenham,Premier League,21,2004,3,0,34,0.4,0,1,1,0,0,0,0,0,0.0,0.0,0.0,0.1,1,1,1,0.0,2.65,2.65,0.0,2.65,0.09,0.12,0.22,0.09,0.22,0.4,1,2.65,1,0,0,0,0,0,1,2.65,1,0,0,0,0,0,3,5,60.0,37,20,2,2,100.0,1,1,100.0,0,1,0.0,1,0.0,0.0,1.0,1,0,0,0,1,0,0,1,1,0,0,0,0,0,0,3,1,0,100.0,0,1,1,100.0,2.65,2.65,0.0,0.0,13.9,0,0,0,0.04,0.0,0.0,1,0,0,1,0,0,0,0.0,0,0,0,0,0,1,1,0,11,1.3,0,0,0,3,11,3,2.0,3,1,2,5.29,4.94,0.6,0.8,-0.2,-0.65,-0.62,9,1,3,5,1,1,9,0,0,0.0,0,0.0,5,66,33,1,0,0,0,1,4,1
2273,Kevin Schade,GER,Attaquant,Brentford,Premier League,23,2001,29,17,1575,17.5,7,2,9,7,0,0,2,0,5.8,5.8,2.7,8.4,43,30,118,0.4,0.11,0.51,0.4,0.51,0.33,0.15,0.48,0.33,0.48,17.5,37,2.12,21,5,3,4,3,1,8,0.46,5,0,0,3,0,0,226,392,57.7,3474,971,123,184,66.8,80,140,57.1,14,30,46.7,2,2.7,1.2,-0.7,14,25,6,1,30,0,13,25,12,26,4,19,0,0,0,53,68,51,57.1,7,40,17,42.5,2.29,0.97,0.18,0.41,11.6,0,0,0,0.15,1.2,1.2,28,19,10,8,10,11,18,61.1,7,12,2,10,4,32,25,0,54,60.3,17,78,3,12,21,0,1.41,32,24,8,0.46,0.72,29.5,21.8,7.7,0.44,1.15,629,25,94,173,371,98,629,60,19,31.7,35,58.3,320,2324,1004,43,21,24,40,30,395,118
2299,Antoine Semenyo,GHA,Attaquant,Bournemouth,Premier League,25,2000,28,28,2465,27.4,7,4,11,7,0,0,9,0,8.6,8.6,5.1,13.7,112,86,224,0.26,0.15,0.4,0.26,0.4,0.31,0.19,0.5,0.31,0.5,27.4,100,3.65,67,1,15,11,4,2,10,0.37,7,0,1,0,2,0,603,832,72.5,8654,2257,369,436,84.6,189,253,74.7,25,69,36.2,4,5.1,3.8,-1.1,36,40,37,7,86,0,59,30,14,48,6,26,1,0,0,126,51,62,45.1,7,101,32,31.7,3.69,1.17,0.07,0.22,16.5,0,0,0,0.08,-1.6,-1.6,44,26,15,21,8,12,38,31.6,26,52,7,45,6,50,26,0,88,94.4,28,88,22,0,0,0,1.46,43,33,10,0.37,-0.88,47.2,36.3,10.9,0.4,-1.64,1259,34,154,436,698,160,1259,111,58,52.3,46,41.4,756,5734,2814,112,55,58,69,62,879,224
2316,Zain Silcott-Duberry,MSR,Attaquant,Bournemouth,Premier League,19,2005,1,0,1,0.0,0,0,0,0,0,0,0,0,0.0,0.0,0.0,0.0,0,0,0,0.0,0.0,0.0,0.0,0.0,0.0,0.0,0.0,0.0,0.0,0.0,0,0.0,0,0,0,0,0,0,0,0.0,0,0,0,0,0,0,1,2,50.0,25,0,0,0,0.0,1,1,100.0,0,0,0.0,0,0.0,0.0,0.0,0,0,0,0,0,0,0,0,0,0,0,1,0,0,0,0,0,1,0.0,0,0,0,0.0,0.0,0.0,0.0,0.0,0.0,0,0,0,0.0,0.0,0.0,1,1,0,0,1,1,1,100.0,0,0,0,0,0,1,0,0,1,0.0,0,0,0,1,1,3,3.0,0,0,0,0.0,-0.41,0.2,0.0,0.2,14.02,13.54,3,0,1,0,2,0,3,0,0,0.0,0,0.0,1,6,6,0,0,0,0,0,2,0
2323,Jota Silva,POR,Attaquant,Nott'ham Forest,Premier League,25,1999,25,4,725,8.1,2,1,3,2,0,0,4,0,1.5,1.5,2.8,4.3,17,14,47,0.25,0.12,0.37,0.25,0.37,0.19,0.35,0.54,0.19,0.54,8.1,27,3.35,20,0,1,3,3,0,3,0.37,2,0,0,0,1,0,102,167,61.1,1372,418,59,76,77.6,30,49,61.2,4,12,33.3,1,2.8,1.8,-1.8,13,2,9,3,14,0,18,20,6,19,12,11,1,0,0,40,19,24,44.2,2,17,4,23.5,2.11,0.5,0.12,0.5,14.8,0,0,0,0.09,0.5,0.5,22,11,11,9,2,4,24,16.7,20,9,1,8,12,34,15,0,29,27.8,4,70,0,21,21,4,1.96,15,16,-1,-0.12,-0.84,12.5,10.1,2.4,0.3,0.3,307,18,77,83,158,40,307,30,10,33.3,12,40.0,153,1008,545,17,10,7,23,11,170,47
2338,Luis Sinisterra,COL,Attaquant,Bournemouth,Premier League,25,1999,12,1,236,2.6,1,1,2,1,0,0,0,0,1.2,1.2,1.4,2.6,19,6,38,0.38,0.38,0.76,0.38,0.76,0.46,0.54,1.0,0.46,1.0,2.6,14,5.29,11,0,1,2,0,0,1,0.38,1,0,0,0,0,0,73,93,78.5,1067,200,44,48,91.7,22,32,68.8,5,5,100.0,1,1.4,1.3,-0.4,9,6,2,2,6,0,4,2,1,7,1,2,0,0,0,17,3,7,30.0,1,13,6,46.2,4.96,2.29,0.08,0.17,14.8,0,0,0,0.09,-0.2,-0.2,7,2,3,2,2,0,4,0.0,4,3,0,3,1,8,8,0,20,9.0,1,62,0,11,16,1,1.25,5,4,1,0.38,-0.04,6.5,3.9,2.6,0.98,0.54,155,7,18,41,96,23,155,20,8,40.0,10,50.0,95,744,393,19,6,10,6,3,102,38
2367,Dominic Solanke,ENG,Attaquant,Tottenham,Premier League,27,1997,20,20,1778,19.8,7,3,10,7,0,0,0,0,9.2,9.2,2.8,12.0,27,38,75,0.35,0.15,0.51,0.35,0.51,0.47,0.14,0.61,0.47,0.61,19.8,34,1.72,22,0,0,9,2,1,7,0.35,5,0,0,1,1,0,224,312,71.8,2970,801,140,184,76.1,55,71,77.5,11,17,64.7,3,2.8,1.1,0.2,13,23,9,0,38,0,30,30,4,4,0,10,0,0,1,32,38,49,43.7,7,52,21,40.4,2.63,1.06,0.13,0.33,12.2,0,0,0,0.18,-2.2,-2.2,17,10,1,12,4,3,9,33.3,6,15,6,9,0,17,20,0,89,68.1,20,89,17,0,0,0,1.05,39,33,6,0.3,-0.35,34.2,33.9,0.3,0.02,0.17,557,29,57,257,249,100,557,43,14,32.6,27,62.8,315,1706,675,27,20,13,52,40,379,75
2376,Ramón Sosa,PAR,Attaquant,Nott'ham Forest,Premier League,25,1999,14,1,241,2.7,1,0,1,1,0,0,1,0,0.9,0.9,0.4,1.4,10,4,14,0.37,0.0,0.37,0.37,0.37,0.35,0.15,0.51,0.35,0.51,2.7,12,4.46,9,0,2,1,0,0,0,0.0,0,0,0,0,0,0,54,79,68.4,850,244,26,39,66.7,19,26,73.1,5,7,71.4,0,0.4,0.3,-0.4,7,2,4,2,4,0,6,6,3,7,3,2,0,0,0,18,4,6,40.0,1,10,5,50.0,3.73,1.87,0.1,0.2,18.9,0,0,0,0.09,0.1,0.1,4,2,2,0,2,1,3,33.3,2,7,0,7,3,7,4,0,17,9.2,1,67,0,13,13,9,1.64,3,5,-2,-0.75,-1.35,3.0,2.6,0.5,0.17,0.09,124,4,28,35,64,11,124,10,7,70.0,3,30.0,62,505,269,10,6,4,5,5,66,14
2404,Raheem Sterling,ENG,Attaquant,Arsenal,Premier League,30,1994,12,4,310,3.4,0,1,1,0,0,0,1,0,1.0,1.0,0.3,1.3,18,14,57,0.0,0.29,0.29,0.0,0.29,0.3,0.08,0.38,0.3,0.38,3.4,12,3.48,8,0,2,2,0,0,1,0.29,1,0,0,0,0,0,106,139,76.3,1320,264,74,87,85.1,25,36,69.4,2,3,66.7,1,0.3,0.4,0.7,5,3,7,2,14,0,9,3,3,11,1,4,0,0,0,8,1,3,25.0,0,9,0,0.0,2.61,0.0,0.0,0.0,15.3,2,0,0,0.11,-1.0,-1.0,6,4,0,2,4,3,5,60.0,2,2,0,2,1,7,2,0,26,11.9,4,56,0,8,11,8,2.17,7,2,5,1.45,0.51,5.5,2.2,3.2,0.94,0.29,186,1,3,38,147,30,186,18,8,44.4,5,27.8,138,940,519,18,8,14,8,12,145,57
2407,Ross Stewart,SCO,Attaquant,Southampton,Premier League,28,1996,4,1,132,1.5,0,0,0,0,0,0,1,0,0.1,0.1,0.0,0.1,1,1,5,0.0,0.0,0.0,0.0,0.0,0.08,0.0,0.08,0.08,0.08,1.5,2,1.36,1,0,0,1,0,0,0,0.0,0,0,0,0,0,0,36,45,80.0,527,59,16,19,84.2,17,19,89.5,0,1,0.0,0,0.0,0.0,0.0,0,1,1,0,1,0,3,5,1,0,0,0,0,0,0,2,4,7,36.4,0,2,0,0.0,1.36,0.0,0.0,0.0,12.5,0,0,0,0.06,-0.1,-0.1,0,0,0,0,0,0,3,0.0,3,3,0,3,0,0,4,0,33,5.1,1,26,0,3,35,0,0.25,1,2,-1,-0.68,1.06,0.8,2.5,-1.8,-1.2,0.21,61,5,13,30,18,2,61,2,1,50.0,1,50.0,34,144,54,1,0,0,1,5,46,5
2414,Jørgen Strand Larsen,NOR,Attaquant,Wolves,Premier League,25,2000,27,24,2066,23.0,9,2,11,9,0,0,3,0,6.6,6.6,1.7,8.2,11,22,79,0.39,0.09,0.48,0.39,0.48,0.29,0.07,0.36,0.29,0.36,23.0,32,1.39,26,1,0,2,2,1,3,0.13,3,0,0,0,0,0,221,346,63.9,2886,549,134,192,69.8,57,88,64.8,10,13,76.9,2,1.7,0.7,0.3,16,14,4,1,22,0,37,14,12,5,4,5,0,0,0,37,52,76,40.6,9,39,26,66.7,1.7,1.13,0.23,0.35,12.1,0,0,0,0.17,2.4,2.4,8,5,2,3,3,4,22,18.2,18,16,3,13,4,12,22,0,77,79.2,24,81,10,3,39,0,0.85,32,46,-14,-0.61,0.05,23.9,36.2,-12.3,-0.54,-0.16,553,28,74,265,215,77,553,13,5,38.5,8,61.5,251,881,348,11,10,7,65,24,400,79
2424,Kamaldeen Sulemana,GHA,Attaquant,Southampton,Premier League,23,2002,17,8,742,8.2,1,0,1,1,0,0,0,0,0.9,0.9,0.4,1.2,34,12,56,0.12,0.0,0.12,0.12,0.12,0.11,0.04,0.15,0.11,0.15,8.2,20,2.43,9,1,8,1,1,0,2,0.24,0,0,1,1,0,0,161,206,78.2,2297,312,103,116,88.8,49,61,80.3,6,15,40.0,0,0.4,0.4,-0.4,6,4,6,4,12,0,8,9,1,16,4,10,0,0,0,35,6,19,24.0,1,14,5,35.7,1.7,0.61,0.07,0.2,18.7,0,0,0,0.06,0.1,0.1,12,10,4,3,5,6,9,66.7,3,6,0,6,4,16,3,0,44,28.4,8,74,4,9,16,2,0.24,7,26,-19,-2.3,-0.86,6.0,21.9,-15.9,-1.93,-0.74,327,9,39,116,181,31,327,62,23,37.1,33,53.2,213,1829,886,34,23,14,27,15,236,56
2425,Crysencio Summerville,NED,Attaquant,West Ham,Premier League,23,2001,19,7,786,8.7,1,1,2,1,0,0,2,0,1.6,1.6,1.7,3.3,29,18,71,0.11,0.11,0.23,0.11,0.23,0.19,0.19,0.38,0.19,0.38,8.7,35,4.01,21,3,5,0,5,1,1,0.11,1,0,0,0,0,0,194,254,76.4,2881,640,125,148,84.5,55,62,88.7,11,22,50.0,1,1.7,1.7,-0.7,17,13,12,5,18,0,9,23,4,21,0,7,0,0,0,38,4,9,30.8,1,14,4,28.6,1.6,0.46,0.07,0.25,13.4,0,0,0,0.12,-0.6,-0.6,13,7,2,8,3,3,9,33.3,6,13,4,9,0,13,7,0,41,30.1,7,67,1,12,26,1,1.05,13,20,-7,-0.8,-0.36,13.6,17.1,-3.5,-0.4,-0.06,372,9,47,147,181,38,372,39,13,33.3,18,46.2,207,1463,762,29,15,13,20,16,259,71
2439,Sammie Szmodics,IRL,Attaquant,Ipswich Town,Premier League,29,1995,19,13,979,10.9,4,0,4,4,0,0,2,0,3.4,3.4,0.2,3.6,16,18,46,0.37,0.0,0.37,0.37,0.37,0.31,0.02,0.33,0.31,0.33,10.9,9,0.83,7,0,1,1,0,0,0,0.0,0,0,0,0,0,0,144,194,74.2,2402,702,67,77,87.0,54,64,84.4,15,29,51.7,0,0.2,0.5,-0.2,4,10,4,1,18,0,9,8,8,13,6,9,0,1,0,41,6,11,35.3,4,21,12,57.1,1.93,1.1,0.19,0.33,14.0,0,0,0,0.16,0.6,0.6,15,9,4,9,2,6,23,26.1,17,10,2,8,6,21,14,0,52,37.5,13,70,0,6,12,2,0.68,11,17,-6,-0.55,0.99,11.1,22.7,-11.6,-1.06,-0.03,309,17,80,119,116,33,309,12,4,33.3,6,50.0,174,989,399,16,8,7,24,17,189,46
2457,Marcus Tavernier,ENG,Attaquant,Bournemouth,Premier League,26,1999,22,16,1505,16.7,3,5,8,3,0,0,5,0,5.2,5.2,2.8,8.0,36,95,101,0.18,0.3,0.48,0.18,0.48,0.31,0.17,0.48,0.31,0.48,16.7,82,4.9,57,12,3,6,4,0,10,0.6,5,3,0,1,1,0,498,690,72.2,8483,2610,241,278,86.7,205,264,77.7,43,99,43.4,5,2.8,2.5,2.2,36,60,28,9,95,0,23,20,4,88,4,23,0,0,0,92,21,29,42.0,3,47,15,31.9,2.81,0.9,0.06,0.2,20.4,4,0,0,0.11,-2.2,-2.2,38,23,12,17,9,9,25,36.0,16,12,2,10,4,42,11,0,68,57.7,16,84,8,6,26,0,1.41,24,23,1,0.06,-0.84,31.5,19.3,12.2,0.73,0.56,905,17,100,345,480,47,905,47,20,42.6,24,51.1,510,3047,1435,36,33,7,36,41,571,101
2466,Mathys Tel,FRA,Attaquant,Tottenham,Premier League,19,2005,4,4,305,3.4,0,0,0,0,0,0,0,0,0.8,0.8,0.1,0.9,6,3,15,0.0,0.0,0.0,0.0,0.0,0.23,0.03,0.26,0.23,0.26,3.4,5,1.48,3,0,0,2,0,0,0,0.0,0,0,0,0,0,0,47,60,78.3,795,106,27,31,87.1,15,20,75.0,5,6,83.3,0,0.1,0.1,-0.1,3,3,2,1,3,0,5,3,0,4,0,1,0,0,0,16,1,2,33.3,0,9,5,55.6,2.66,1.48,0.0,0.0,15.8,0,0,0,0.09,-0.8,-0.8,2,1,0,1,1,1,5,20.0,4,2,0,2,0,2,1,1,76,11.7,4,76,1,0,0,1,1.5,3,2,1,0.3,-0.13,4.9,5.2,-0.3,-0.09,-0.06,104,0,13,37,57,14,104,16,3,18.8,11,68.8,75,480,205,6,7,1,7,5,70,15
2484,Thiago,BRA,Attaquant,Brentford,Premier League,23,2001,4,1,132,1.5,0,0,0,0,0,0,0,0,0.1,0.1,0.1,0.2,3,2,4,0.0,0.0,0.0,0.0,0.0,0.07,0.05,0.11,0.07,0.11,1.5,2,1.36,1,0,0,0,0,1,0,0.0,0,0,0,0,0,0,28,39,71.8,428,56,14,20,70.0,9,12,75.0,3,4,75.0,0,0.1,0.0,-0.1,2,1,1,0,2,0,3,3,1,1,2,2,0,0,0,9,4,3,57.1,0,1,0,0.0,0.68,0.0,0.0,0.0,14.7,0,0,0,0.1,-0.1,-0.1,2,2,1,0,1,0,1,0.0,1,0,0,0,2,4,2,1,33,5.1,1,72,0,3,20,0,1.75,3,2,1,0.68,0.54,0.9,2.5,-1.5,-1.05,-1.09,56,6,11,23,23,2,56,3,2,66.7,1,33.3,34,119,42,3,2,1,5,1,35,4
2521,Adama Traoré,ESP,Attaquant,Fulham,Premier League,29,1996,27,15,1407,15.6,2,5,7,2,0,0,2,0,3.7,3.7,4.1,7.8,79,54,134,0.13,0.32,0.45,0.13,0.45,0.24,0.26,0.5,0.24,0.5,15.6,66,4.22,53,0,7,4,0,2,8,0.51,7,0,1,0,0,0,344,481,71.5,5392,1329,189,235,80.4,116,159,73.0,25,44,56.8,5,4.1,3.9,0.9,32,27,26,14,54,0,19,28,1,82,1,9,0,0,0,70,22,19,53.7,2,34,11,32.4,2.17,0.7,0.06,0.18,14.3,0,0,0,0.11,-1.7,-1.7,14,9,7,2,5,5,13,38.5,8,6,0,6,1,15,4,2,52,53.9,15,76,4,12,22,1,1.63,27,20,7,0.45,0.6,23.5,16.7,6.8,0.44,0.44,654,1,64,232,377,81,654,78,38,48.7,30,38.5,445,3679,2047,79,37,32,29,17,503,134
2531,Leandro Trossard,BEL,Attaquant,Arsenal,Premier League,30,1994,29,21,1897,21.1,4,5,9,4,0,0,4,1,5.1,5.1,5.0,10.1,64,81,172,0.19,0.24,0.43,0.19,0.43,0.24,0.24,0.48,0.24,0.48,21.1,71,3.37,56,2,4,4,4,1,6,0.28,6,0,0,0,0,0,507,695,72.9,8444,2493,264,313,84.3,191,256,74.6,41,77,53.2,5,5.0,3.1,0.0,34,35,41,9,81,1,19,36,5,74,9,16,0,0,0,78,5,18,21.7,4,53,14,26.4,2.51,0.66,0.08,0.29,16.6,0,0,0,0.1,-1.1,-1.1,24,16,5,14,5,8,27,29.6,19,23,0,23,9,33,16,0,65,72.7,21,81,10,8,26,0,2.0,41,17,24,1.14,0.51,33.1,16.0,17.1,0.81,0.48,932,13,105,281,561,108,932,65,27,41.5,29,44.6,592,3684,1652,64,41,22,42,36,689,172
2545,Enes Ünal,TUR,Attaquant,Bournemouth,Premier League,27,1997,17,2,345,3.8,2,1,3,2,0,0,2,0,2.7,2.7,0.4,3.1,4,12,22,0.52,0.26,0.78,0.52,0.78,0.72,0.1,0.82,0.72,0.82,3.8,9,2.35,6,0,0,2,1,0,3,0.78,2,0,0,0,1,0,63,99,63.6,685,192,40,52,76.9,17,28,60.7,0,1,0.0,1,0.4,0.3,0.6,4,4,4,0,12,0,6,9,1,4,0,0,0,0,0,16,24,22,52.2,2,20,7,35.0,5.22,1.83,0.1,0.29,14.6,3,0,0,0.14,-0.7,-0.7,1,0,0,0,1,0,3,0.0,3,1,0,1,0,1,6,0,20,13.2,2,62,0,15,15,0,1.65,6,3,3,0.78,0.42,7.8,6.3,1.5,0.38,-0.12,172,6,14,63,95,26,172,12,1,8.3,10,83.3,91,261,95,4,3,1,17,13,133,22
2570,Jamie Vardy,ENG,Attaquant,Leicester City,Premier League,38,1987,27,27,2226,24.7,7,3,10,6,1,1,4,0,9.2,8.5,2.9,11.4,26,19,95,0.28,0.12,0.4,0.24,0.36,0.37,0.12,0.49,0.34,0.46,24.7,39,1.58,28,0,5,2,4,0,9,0.36,4,0,2,1,2,0,201,304,66.1,2833,323,114,154,74.0,63,82,76.8,11,16,68.8,3,2.9,2.5,0.1,18,7,9,1,19,0,16,19,19,9,3,12,1,0,0,29,42,44,48.8,7,46,19,41.3,1.86,0.77,0.13,0.32,11.7,0,1,1,0.18,-2.2,-2.5,15,12,6,5,4,2,9,22.2,7,8,4,4,3,18,18,0,82,85.3,27,82,17,0,0,0,0.63,21,56,-35,-1.42,-0.24,22.2,46.8,-24.6,-1.0,-0.26,469,23,46,207,221,96,468,20,9,45.0,10,50.0,227,1209,598,26,11,14,29,10,305,95
2643,Ollie Watkins,ENG,Attaquant,Aston Villa,Premier League,29,1995,29,25,2055,22.8,13,6,19,11,2,2,0,0,13.9,12.3,2.7,14.9,44,22,128,0.57,0.26,0.83,0.48,0.74,0.61,0.12,0.72,0.54,0.65,22.8,45,1.97,30,0,4,6,5,0,10,0.44,6,0,1,1,2,0,247,333,74.2,3103,502,155,195,79.5,66,79,83.5,8,11,72.7,6,2.7,1.5,3.3,20,10,7,0,22,0,25,27,10,7,6,4,1,0,0,34,40,49,44.9,13,70,30,42.9,3.07,1.31,0.16,0.37,12.2,0,2,2,0.18,-0.9,-1.3,6,4,0,4,2,1,8,12.5,7,11,3,8,6,12,13,2,71,78.7,25,78,9,4,27,0,1.55,34,35,-1,-0.04,0.44,34.4,30.8,3.6,0.16,0.56,554,16,40,200,323,139,552,36,8,22.2,25,69.4,331,1774,903,44,18,30,42,41,440,128
2652,Danny Welbeck,ENG,Attaquant,Brighton,Premier League,34,1990,22,17,1487,16.5,7,4,11,7,0,0,2,0,6.7,6.7,1.0,7.7,17,34,59,0.42,0.24,0.67,0.42,0.67,0.4,0.06,0.46,0.4,0.46,16.5,38,2.3,27,1,3,1,6,0,6,0.36,6,0,0,0,0,0,283,343,82.5,3361,698,181,214,84.6,66,76,86.8,7,7,100.0,4,1.0,1.1,3.0,16,12,10,0,34,0,8,19,2,3,5,9,0,0,0,30,14,16,46.7,7,42,15,35.7,2.54,0.91,0.17,0.47,15.5,7,0,0,0.16,0.3,0.3,16,9,4,11,1,3,11,27.3,8,12,1,11,5,21,9,0,68,57.0,17,83,6,5,16,0,1.82,29,23,6,0.36,0.36,24.2,26.4,-2.1,-0.13,-0.51,507,10,41,231,239,69,507,28,10,35.7,15,53.6,295,1403,597,17,18,6,33,21,375,59
2654,Timo Werner,GER,Attaquant,Tottenham,Premier League,29,1996,18,4,516,5.7,0,3,3,0,0,0,0,0,1.0,1.0,2.5,3.5,42,30,89,0.0,0.52,0.52,0.0,0.52,0.17,0.44,0.61,0.17,0.61,5.7,18,3.13,14,0,2,1,1,0,3,0.52,3,0,0,0,0,0,158,236,66.9,2383,597,80,97,82.5,61,86,70.9,7,18,38.9,3,2.5,1.5,0.5,10,3,15,2,30,0,3,5,5,28,1,4,0,0,0,18,0,1,0.0,0,8,3,37.5,1.4,0.52,0.0,0.0,18.2,0,0,0,0.12,-1.0,-1.0,6,4,3,3,0,3,13,23.1,10,10,1,9,1,7,7,0,29,19.8,4,71,0,14,17,3,0.83,10,12,-2,-0.35,-0.95,11.3,11.5,-0.2,-0.04,0.0,298,8,24,78,203,33,298,19,10,52.6,8,42.1,215,1768,1062,42,24,18,14,6,227,89
2664,Willian,BRA,Attaquant,Fulham,Premier League,36,1988,5,1,131,1.5,0,0,0,0,0,0,0,0,0.1,0.1,0.2,0.4,5,18,14,0.0,0.0,0.0,0.0,0.0,0.09,0.16,0.24,0.09,0.24,1.5,6,4.12,4,1,0,1,0,0,0,0.0,0,0,0,0,0,0,87,102,85.3,1468,377,45,48,93.8,36,41,87.8,6,9,66.7,0,0.2,0.2,-0.2,2,8,4,1,18,0,1,0,0,6,1,1,0,0,0,11,1,2,33.3,0,3,0,0.0,2.06,0.0,0.0,0.0,22.9,0,0,0,0.04,-0.1,-0.1,1,1,0,1,0,1,3,33.3,2,0,0,0,1,2,1,0,26,5.0,1,86,0,4,11,0,1.8,1,1,0,0.0,-0.18,1.6,2.1,-0.5,-0.31,-0.57,115,1,13,37,68,4,115,3,0,0.0,2,66.7,72,508,294,5,4,2,3,1,90,14
2666,Callum Wilson,ENG,Attaquant,Newcastle Utd,Premier League,33,1992,8,1,163,1.8,0,0,0,0,0,0,1,0,0.2,0.2,0.0,0.2,3,2,4,0.0,0.0,0.0,0.0,0.0,0.13,0.0,0.13,0.13,0.13,1.8,1,0.55,0,0,0,0,1,0,0,0.0,0,0,0,0,0,0,20,28,71.4,257,48,10,13,76.9,8,10,80.0,0,0,0.0,0,0.0,0.0,0.0,0,0,0,0,2,0,2,1,1,0,1,1,0,0,0,9,1,7,12.5,0,3,0,0.0,1.66,0.0,0.0,0.0,14.7,0,0,0,0.08,-0.2,-0.2,1,1,0,1,0,0,1,0.0,1,2,0,2,1,2,0,0,20,6.5,1,68,0,7,14,0,1.0,1,6,-5,-2.76,-3.3,1.1,2.9,-1.8,-0.99,-1.47,48,0,3,31,17,9,48,5,1,20.0,2,40.0,26,163,75,3,3,3,4,6,26,4
2667,Harry Wilson,WAL,Attaquant,Fulham,Premier League,28,1997,19,8,839,9.3,5,1,6,5,0,0,2,0,3.2,3.2,1.0,4.2,16,42,71,0.54,0.11,0.64,0.54,0.64,0.35,0.11,0.45,0.35,0.45,9.3,30,3.22,21,6,0,1,2,0,3,0.32,2,0,0,0,1,0,249,335,74.3,4168,1112,128,150,85.3,96,119,80.7,21,51,41.2,1,1.0,0.9,0.0,17,21,11,0,42,0,10,15,0,30,5,6,1,0,0,37,4,16,20.0,5,28,9,32.1,3.0,0.97,0.18,0.56,17.2,1,0,0,0.12,1.8,1.8,10,6,6,3,1,6,11,54.5,5,13,1,12,5,15,5,1,44,32.1,8,80,1,11,18,3,1.37,19,13,6,0.64,0.69,12.4,12.1,0.4,0.04,-0.28,436,7,58,160,226,44,436,23,9,39.1,9,39.1,263,1376,610,16,17,8,13,4,295,71
2673,Yoane Wissa,COD,Attaquant,Brentford,Premier League,28,1996,26,25,2110,23.4,14,2,16,14,0,0,2,0,13.6,13.6,1.6,15.1,41,49,117,0.6,0.09,0.68,0.6,0.68,0.58,0.07,0.64,0.58,0.64,23.4,49,2.09,32,0,3,5,8,1,6,0.26,6,0,0,0,0,0,352,456,77.2,5051,1145,216,252,85.7,102,134,76.1,20,35,57.1,2,1.6,1.1,0.4,19,34,8,1,49,0,22,39,12,19,6,6,0,0,0,54,24,29,45.3,14,63,30,47.6,2.69,1.28,0.22,0.47,14.0,0,0,0,0.22,0.4,0.4,12,6,5,2,5,6,14,42.9,8,23,5,18,6,18,18,2,81,80.8,25,83,15,1,25,0,1.42,40,33,7,0.3,0.66,36.1,34.4,1.7,0.07,0.48,700,25,105,288,320,115,700,36,12,33.3,17,47.2,419,2530,1165,41,17,22,54,23,502,117
2680,Chris Wood,NZL,Attaquant,Nott'ham Forest,Premier League,33,1991,29,28,2344,26.0,18,3,21,15,3,3,1,0,11.0,8.7,1.9,10.6,13,33,72,0.69,0.12,0.81,0.58,0.69,0.42,0.07,0.5,0.33,0.41,26.0,36,1.38,28,0,2,4,0,2,5,0.19,4,0,0,0,0,1,258,390,66.2,3525,784,158,224,70.5,68,100,68.0,13,19,68.4,3,1.9,1.1,1.1,15,14,8,1,33,0,21,20,21,1,4,4,0,0,0,38,78,114,40.6,18,50,29,58.0,1.92,1.11,0.3,0.52,14.6,0,3,3,0.17,7.0,6.3,4,4,1,1,2,1,8,12.5,7,11,7,4,4,8,18,1,81,89.8,28,83,8,1,28,0,1.86,45,29,16,0.61,1.29,32.0,29.5,2.4,0.09,0.06,605,30,70,289,248,78,602,10,4,40.0,5,50.0,303,1083,424,13,9,5,62,21,452,72
2733,Joshua Zirkzee,NED,Attaquant,Manchester Utd,Premier League,23,2001,29,12,1251,13.9,3,1,4,3,0,0,2,0,4.5,4.5,1.5,6.0,12,37,65,0.22,0.07,0.29,0.22,0.29,0.32,0.11,0.43,0.32,0.43,13.9,27,1.95,25,0,0,1,1,0,3,0.22,1,0,0,1,1,0,259,362,71.5,3201,826,173,221,78.3,54,72,75.0,8,16,50.0,1,1.5,1.0,-0.5,12,23,5,0,37,0,9,12,3,4,5,7,1,0,0,52,19,46,29.2,3,25,9,36.0,1.8,0.65,0.12,0.33,13.0,0,0,0,0.18,-1.5,-1.5,13,7,3,7,3,5,10,50.0,5,13,4,9,5,18,8,0,43,47.9,12,74,4,17,22,0,1.28,25,21,4,0.29,0.75,21.2,22.9,-1.7,-0.12,0.13,525,16,63,265,202,51,525,32,9,28.1,23,71.9,292,1321,444,12,20,4,38,29,376,65
